Petawawa, (51010) Hourly, Ground-level ozone (O3) Concentrations
Station,Petawawa (51010)
Address,Petawawa Research Forest Facility
Latitude,45.996722
Longitude,-77.441194
Elevation, 174 metres
Air intake height,6 metres
Pollutant,Ozone (ozone O3)
Unit, parts per billion (ppb)
Remarks, 9999 for invalid or missing data.
Station ID,Pollutant,Date,H01,H02,H03,H04,H05,H06,H07,H08,H09,H10,H11,H12,H13,H14,H15,H16,H17,H18,H19,H20,H21,H22,H23,H24
51010,Ozone,2020-01-01,19,18,18,18,16,15,15,15,12,12,15,16,16,21,25,29,31,39,39,37,31,27,30,29,
51010,Ozone,2020-01-02,29,29,28,30,30,30,29,28,28,27,26,25,24,24,23,21,19,18,17,18,17,17,17,18,
51010,Ozone,2020-01-03,16,12,13,14,18,18,17,18,19,19,20,22,26,28,31,31,30,31,30,30,32,32,32,30,
51010,Ozone,2020-01-04,28,27,25,22,25,27,28,28,26,25,24,25,26,26,26,27,27,27,26,26,26,25,26,28,
51010,Ozone,2020-01-05,30,31,32,32,31,32,32,32,32,33,35,37,37,36,36,35,35,32,30,31,29,28,29,29,
51010,Ozone,2020-01-06,29,29,29,29,28,27,27,28,29,28,28,28,27,26,25,24,23,21,20,22,33,33,32,31,
51010,Ozone,2020-01-07,30,29,28,25,26,24,24,23,23,24,27,29,29,30,31,32,32,32,31,30,29,27,25,23,
51010,Ozone,2020-01-08,22,20,19,23,26,28,29,32,32,31,32,31,29,30,31,32,32,33,33,34,36,36,36,37,
51010,Ozone,2020-01-09,37,36,36,36,35,34,34,31,29,31,34,34,34,35,35,35,35,35,34,33,33,33,32,32,
51010,Ozone,2020-01-10,32,31,31,30,29,29,28,26,25,24,23,23,23,21,21,21,20,23,15,10,11,11,9,5,
51010,Ozone,2020-01-11,4,8,11,11,11,12,13,14,13,12,22,23,25,28,31,28,28,31,30,30,30,31,32,32,
51010,Ozone,2020-01-12,33,34,34,35,35,35,35,35,35,36,37,37,37,37,37,37,37,37,37,36,33,33,33,34,
51010,Ozone,2020-01-13,34,32,30,29,26,28,30,29,29,29,29,29,29,29,29,29,29,28,28,27,27,28,27,25,
51010,Ozone,2020-01-14,26,27,26,25,24,25,20,20,18,20,20,23,29,28,29,29,27,25,25,24,24,23,22,22,
51010,Ozone,2020-01-15,21,21,20,20,19,18,16,15,15,15,16,16,15,14,15,14,10,8,8,11,10,10,10,11,
51010,Ozone,2020-01-16,8,7,9,17,22,22,22,22,24,25,28,30,30,31,32,33,35,38,38,37,38,39,39,38,
51010,Ozone,2020-01-17,37,36,36,35,35,34,34,33,33,33,33,34,35,36,36,36,36,35,34,32,31,29,32,28,
51010,Ozone,2020-01-18,26,25,26,23,22,24,25,27,30,32,33,34,34,33,35,37,37,38,37,37,36,35,36,38,
51010,Ozone,2020-01-19,37,35,35,35,36,36,36,37,37,36,36,37,37,38,39,40,40,39,39,39,39,38,37,37,
51010,Ozone,2020-01-20,37,36,36,36,35,35,35,34,32,34,36,37,38,39,39,40,39,38,38,38,37,37,36,36,
51010,Ozone,2020-01-21,36,35,36,34,32,30,26,25,26,26,27,30,30,32,33,40,39,38,37,37,37,38,37,38,
51010,Ozone,2020-01-22,37,36,36,36,36,34,33,32,31,31,34,36,37,38,38,37,36,35,35,33,33,33,33,32,
51010,Ozone,2020-01-23,31,32,32,30,28,25,26,24,21,23,27,29,29,30,30,29,27,25,25,22,21,19,17,18,
51010,Ozone,2020-01-24,15,15,17,19,17,20,20,18,21,23,26,29,31,32,33,33,32,31,32,32,31,31,30,31,
51010,Ozone,2020-01-25,31,31,30,30,29,30,30,29,29,29,29,32,34,34,35,35,34,33,31,31,31,29,25,27,
51010,Ozone,2020-01-26,27,28,26,24,23,19,19,16,16,16,15,16,17,16,14,14,13,13,15,14,15,15,15,15,
51010,Ozone,2020-01-27,17,19,19,20,21,22,22,23,25,27,30,30,29,31,32,32,32,32,33,33,33,32,32,32,
51010,Ozone,2020-01-28,33,33,34,36,37,36,36,36,40,39,38,38,38,38,38,38,37,37,37,37,37,36,36,36,
51010,Ozone,2020-01-29,36,36,36,36,35,35,34,33,33,33,34,34,35,35,35,35,34,33,33,32,31,31,32,29,
51010,Ozone,2020-01-30,25,26,25,23,23,21,22,20,17,20,9999,9999,30,33,33,36,36,35,33,32,31,29,30,28,
51010,Ozone,2020-01-31,27,26,24,22,24,22,22,22,20,18,24,27,27,30,34,34,33,30,29,30,30,29,28,28,
51010,Ozone,2020-02-01,26,24,19,23,27,25,24,22,23,23,24,26,28,29,31,32,32,32,30,28,27,27,27,28,
51010,Ozone,2020-02-02,27,26,26,27,27,26,26,25,24,25,25,27,28,29,30,31,31,30,28,27,27,25,25,22,
51010,Ozone,2020-02-03,20,19,17,15,13,8,11,13,10,26,32,33,34,37,38,39,39,38,36,34,33,26,21,26,
51010,Ozone,2020-02-04,22,24,19,19,19,16,13,19,16,24,30,33,34,36,38,38,38,38,37,37,38,38,37,36,
51010,Ozone,2020-02-05,32,30,31,31,33,35,35,35,35,35,35,35,36,36,37,38,38,36,34,34,34,33,33,33,
51010,Ozone,2020-02-06,32,33,33,32,31,30,30,29,29,29,31,32,32,32,32,32,33,33,33,35,36,36,37,35,
51010,Ozone,2020-02-07,35,35,35,35,35,36,36,37,37,37,37,37,37,38,38,39,40,40,39,38,38,39,39,39,
51010,Ozone,2020-02-08,38,38,38,39,39,38,38,39,39,39,39,40,41,41,41,42,42,41,41,40,38,36,35,35,
51010,Ozone,2020-02-09,34,32,33,32,27,28,30,33,33,34,35,36,37,37,37,39,38,37,36,37,37,36,37,37,
51010,Ozone,2020-02-10,36,36,35,34,34,30,31,31,31,32,33,33,37,38,39,38,37,37,37,36,33,32,30,30,
51010,Ozone,2020-02-11,29,27,28,29,34,36,38,35,34,38,39,42,43,42,42,42,42,41,41,40,41,42,42,41,
51010,Ozone,2020-02-12,40,39,38,38,38,38,36,34,36,39,39,40,42,42,43,44,43,45,45,46,45,44,42,40,
51010,Ozone,2020-02-13,39,37,34,33,33,35,35,35,35,34,34,34,34,34,33,32,32,33,34,34,35,35,34,34,
51010,Ozone,2020-02-14,33,33,33,32,31,30,30,28,28,30,31,32,33,34,35,35,34,34,33,32,32,31,32,31,
51010,Ozone,2020-02-15,32,32,31,31,31,32,35,35,35,36,37,40,42,43,44,41,40,41,40,40,39,39,38,36,
51010,Ozone,2020-02-16,36,35,35,34,32,32,33,35,37,38,40,40,39,38,38,38,39,40,41,37,35,35,35,35,
51010,Ozone,2020-02-17,35,35,34,34,33,32,32,31,31,33,37,39,40,39,40,40,40,40,40,40,39,38,38,38,
51010,Ozone,2020-02-18,39,39,38,38,37,37,37,38,38,38,35,33,34,34,34,33,33,40,39,39,38,37,37,37,
51010,Ozone,2020-02-19,37,36,37,38,36,36,38,40,40,40,41,41,41,42,41,41,42,41,41,40,39,39,37,37,
51010,Ozone,2020-02-20,36,35,36,36,36,36,36,35,33,36,36,38,38,39,39,40,40,40,40,40,39,38,37,37,
51010,Ozone,2020-02-21,37,35,31,29,29,32,32,33,34,35,36,40,44,44,45,45,44,44,44,45,47,47,46,45,
51010,Ozone,2020-02-22,44,43,41,40,39,38,34,35,32,32,39,41,43,44,44,43,42,41,41,39,38,38,38,33,
51010,Ozone,2020-02-23,35,31,29,28,30,31,31,30,25,30,35,38,41,43,46,46,46,45,45,43,44,43,43,43,
51010,Ozone,2020-02-24,42,39,39,41,40,36,34,34,34,36,45,47,48,48,49,50,50,49,47,47,46,46,44,43,
51010,Ozone,2020-02-25,42,40,39,37,38,36,36,37,39,40,41,42,43,43,44,44,43,43,42,43,44,44,45,44,
51010,Ozone,2020-02-26,44,43,42,41,41,40,40,40,39,39,40,40,40,41,41,40,40,40,40,40,39,39,39,38,
51010,Ozone,2020-02-27,37,36,36,36,35,31,30,30,31,33,35,36,37,37,38,38,37,37,36,36,36,36,36,36,
51010,Ozone,2020-02-28,36,36,35,35,35,35,36,36,36,36,36,35,34,36,36,36,35,35,35,34,34,33,33,33,
51010,Ozone,2020-02-29,32,32,31,31,31,31,31,31,31,31,31,32,33,34,35,36,36,36,36,36,37,37,36,35,
51010,Ozone,2020-03-01,34,34,35,35,35,32,29,31,31,33,40,42,42,42,43,44,44,45,44,42,41,40,40,39,
51010,Ozone,2020-03-02,39,38,37,38,38,37,36,35,35,36,36,37,38,40,41,42,41,41,44,43,42,41,41,40,
51010,Ozone,2020-03-03,40,40,39,40,38,33,30,27,28,31,37,41,43,44,44,44,44,42,38,37,37,35,35,35,
51010,Ozone,2020-03-04,34,34,33,35,36,36,37,35,35,36,38,38,39,41,41,41,40,39,37,36,34,33,32,32,
51010,Ozone,2020-03-05,32,31,30,31,29,31,32,32,33,35,35,35,35,35,36,36,36,37,35,34,34,34,32,33,
51010,Ozone,2020-03-06,36,35,33,34,34,34,33,33,33,34,36,39,41,42,42,42,43,45,45,45,45,44,44,44,
51010,Ozone,2020-03-07,43,42,41,41,40,40,39,38,38,39,41,43,44,44,46,47,46,45,45,44,42,41,42,45,
51010,Ozone,2020-03-08,46,44,-999,-999,43,42,41,35,36,42,42,44,45,47,49,50,50,50,48,47,46,42,43,40,
51010,Ozone,2020-03-09,39,38,36,34,35,36,34,31,25,32,41,45,49,50,49,48,42,41,39,33,34,33,32,33,
51010,Ozone,2020-03-10,29,27,31,34,38,37,36,33,31,30,28,31,36,36,36,39,40,39,39,38,39,39,39,37,
51010,Ozone,2020-03-11,36,34,27,25,24,26,24,27,27,31,35,37,37,39,39,39,39,39,38,38,38,37,37,36,
51010,Ozone,2020-03-12,37,37,36,36,35,34,34,33,34,36,38,40,42,43,44,44,44,43,41,39,39,39,38,37,
51010,Ozone,2020-03-13,36,36,34,32,31,29,28,27,24,29,32,33,36,38,38,38,38,38,36,35,36,36,36,35,
51010,Ozone,2020-03-14,35,35,34,35,35,37,37,39,42,43,43,43,44,46,49,49,48,48,47,46,47,47,47,45,
51010,Ozone,2020-03-15,44,43,43,42,42,41,41,41,41,42,43,45,46,46,46,45,45,45,44,43,43,43,42,42,
51010,Ozone,2020-03-16,42,42,40,34,34,30,30,36,39,41,41,42,43,45,46,46,46,45,44,43,42,41,39,37,
51010,Ozone,2020-03-17,36,36,37,36,35,34,33,31,31,32,36,34,35,36,39,43,47,48,45,44,45,46,46,45,
51010,Ozone,2020-03-18,44,43,42,42,41,37,33,31,40,42,44,45,45,46,47,46,45,45,44,44,43,43,42,42,
51010,Ozone,2020-03-19,41,39,38,36,38,38,36,31,40,43,43,43,43,43,42,43,43,43,42,41,40,38,37,35,
51010,Ozone,2020-03-20,33,32,33,32,30,29,28,27,26,24,23,22,25,31,33,33,36,38,38,40,40,40,38,38,
51010,Ozone,2020-03-21,39,38,39,38,36,36,37,37,37,38,39,40,41,43,44,44,43,43,44,43,42,40,41,37,
51010,Ozone,2020-03-22,35,33,31,29,31,27,30,29,33,39,43,44,45,46,45,45,45,45,45,46,45,44,43,43,
51010,Ozone,2020-03-23,42,42,41,41,39,37,36,35,35,35,35,35,37,38,38,37,37,36,36,35,34,32,32,31,
51010,Ozone,2020-03-24,30,29,28,26,26,31,30,32,35,37,37,38,40,42,42,42,43,43,40,38,36,32,34,36,
51010,Ozone,2020-03-25,37,36,30,26,20,17,27,20,28,32,38,42,43,44,44,44,42,40,38,37,36,36,35,34,
51010,Ozone,2020-03-26,33,33,32,31,30,27,25,26,25,27,27,29,28,27,30,28,26,24,25,25,25,25,24,25,
51010,Ozone,2020-03-27,28,29,28,27,26,27,27,28,30,33,36,39,40,41,42,43,43,43,43,41,36,30,29,32,
51010,Ozone,2020-03-28,33,32,27,21,19,20,19,20,22,32,33,37,40,42,45,46,45,44,43,41,40,41,39,43,
51010,Ozone,2020-03-29,42,42,40,41,40,40,39,39,39,40,41,41,41,40,39,38,38,37,36,35,33,32,30,27,
51010,Ozone,2020-03-30,27,26,25,26,28,27,25,23,24,24,27,30,31,33,34,35,34,29,28,29,31,32,32,31,
51010,Ozone,2020-03-31,32,34,35,34,34,33,33,34,34,37,40,43,45,46,48,49,47,46,44,46,43,39,38,35,
51010,Ozone,2020-04-01,35,26,26,26,23,26,26,26,31,40,43,44,46,47,46,46,45,45,44,43,43,41,39,35,
51010,Ozone,2020-04-02,38,38,36,35,34,34,33,33,37,42,44,45,45,46,46,45,46,45,45,44,42,40,38,37,
51010,Ozone,2020-04-03,37,36,35,34,32,29,27,26,24,24,25,29,30,30,31,32,31,27,24,23,21,19,17,8,
51010,Ozone,2020-04-04,9,8,8,8,8,7,4,5,11,16,20,31,37,35,36,38,39,39,40,38,34,34,31,30,
51010,Ozone,2020-04-05,31,25,24,23,19,15,21,23,25,29,30,31,31,28,29,33,37,41,38,37,36,34,30,24,
51010,Ozone,2020-04-06,24,18,19,21,22,18,15,23,27,30,34,39,44,46,46,47,49,48,46,46,45,43,42,39,
51010,Ozone,2020-04-07,38,41,37,31,27,23,28,34,37,39,42,45,46,46,47,47,48,47,45,44,42,43,42,42,
51010,Ozone,2020-04-08,38,38,32,34,34,35,34,32,32,36,35,37,36,37,36,36,34,34,33,32,31,30,28,28,
51010,Ozone,2020-04-09,26,25,21,18,20,20,19,25,31,36,41,39,36,34,34,33,32,31,30,28,27,27,27,29,
51010,Ozone,2020-04-10,30,31,31,32,35,37,36,35,36,37,38,38,39,39,40,39,39,38,38,38,39,39,39,39,
51010,Ozone,2020-04-11,40,39,38,38,37,37,36,37,38,38,39,41,42,43,44,44,44,44,43,42,41,40,43,42,
51010,Ozone,2020-04-12,38,39,27,31,33,33,33,34,34,33,34,35,35,35,35,37,37,39,38,36,37,37,38,39,
51010,Ozone,2020-04-13,39,37,37,36,35,36,35,35,36,34,33,31,30,28,26,33,37,37,38,39,40,41,45,45,
51010,Ozone,2020-04-14,44,44,42,42,41,40,40,41,41,41,41,42,44,43,43,46,46,46,46,43,39,38,36,40,
51010,Ozone,2020-04-15,40,40,38,37,36,37,36,36,37,38,39,40,41,41,41,40,40,39,39,39,36,36,36,36,
51010,Ozone,2020-04-16,34,33,32,31,29,25,27,33,37,38,40,43,42,42,42,42,41,41,41,42,43,43,41,40,
51010,Ozone,2020-04-17,40,40,39,39,38,36,37,40,42,43,45,46,46,47,47,48,48,48,47,47,46,44,40,38,
51010,Ozone,2020-04-18,37,34,33,29,27,19,19,38,44,47,50,50,51,52,51,52,52,53,52,51,50,49,47,43,
51010,Ozone,2020-04-19,43,43,40,41,41,41,41,41,40,41,41,43,43,43,32,31,30,31,33,35,32,30,29,31,
51010,Ozone,2020-04-20,33,33,31,28,24,23,23,32,37,38,39,41,40,41,42,42,44,43,42,39,40,38,38,37,
51010,Ozone,2020-04-21,37,38,38,39,38,38,37,35,41,41,36,38,39,37,36,34,33,32,32,31,33,37,37,36,
51010,Ozone,2020-04-22,37,38,39,39,38,38,38,38,37,37,39,41,42,44,46,48,48,49,50,49,48,47,46,46,
51010,Ozone,2020-04-23,44,44,43,42,41,40,41,44,46,46,46,46,46,47,47,47,46,46,46,46,41,40,39,32,
51010,Ozone,2020-04-24,28,29,31,32,32,32,33,42,46,48,48,48,48,48,49,50,51,50,49,49,47,47,47,45,
51010,Ozone,2020-04-25,44,44,38,30,27,30,32,36,43,48,49,48,47,47,46,46,45,45,45,44,42,42,39,35,
51010,Ozone,2020-04-26,27,25,29,24,24,27,24,27,34,44,44,45,47,45,44,43,44,44,43,43,42,41,41,42,
51010,Ozone,2020-04-27,42,42,42,41,41,38,38,39,40,41,41,42,42,43,44,44,45,44,42,45,43,42,39,37,
51010,Ozone,2020-04-28,37,37,37,36,35,32,35,37,41,43,44,46,46,47,47,47,47,45,43,43,41,42,39,34,
51010,Ozone,2020-04-29,33,36,37,38,37,37,38,39,40,42,44,46,47,46,44,43,44,44,41,40,39,38,36,35,
51010,Ozone,2020-04-30,36,34,35,35,33,34,36,35,34,34,33,34,34,34,32,32,32,32,32,31,28,28,28,27,
51010,Ozone,2020-05-01,26,25,22,27,23,20,25,28,28,31,33,35,36,37,39,41,42,42,39,35,32,30,22,24,
51010,Ozone,2020-05-02,15,10,13,9,5,5,7,16,32,32,33,35,41,45,46,47,45,43,39,34,30,33,35,33,
51010,Ozone,2020-05-03,31,29,29,26,22,21,18,31,35,38,44,47,44,37,37,37,34,29,26,24,19,18,25,33,
51010,Ozone,2020-05-04,35,30,30,31,30,30,30,30,31,32,31,32,32,33,35,35,36,36,36,36,35,34,33,33,
51010,Ozone,2020-05-05,33,33,33,32,31,31,31,31,31,33,35,36,38,39,41,42,43,42,43,40,38,37,37,36,
51010,Ozone,2020-05-06,34,32,32,30,27,24,27,29,34,39,42,41,41,41,41,42,42,41,41,37,35,36,32,28,
51010,Ozone,2020-05-07,27,29,29,26,25,27,31,33,35,35,37,40,36,31,35,38,40,41,42,42,40,38,35,38,
51010,Ozone,2020-05-08,39,38,38,39,37,37,37,36,35,35,35,35,35,34,33,33,31,30,30,29,28,27,27,25,
51010,Ozone,2020-05-09,24,26,29,26,25,28,32,32,31,31,32,34,35,35,34,36,39,39,39,39,38,37,37,36,
51010,Ozone,2020-05-10,35,33,33,34,34,34,35,35,35,35,35,36,37,37,38,37,37,37,36,34,32,32,30,29,
51010,Ozone,2020-05-11,26,22,20,18,18,20,22,24,24,25,27,28,28,30,31,31,32,34,33,36,35,35,34,31,
51010,Ozone,2020-05-12,30,27,28,27,24,26,29,31,37,39,40,40,40,40,40,40,40,41,40,39,38,37,36,35,
51010,Ozone,2020-05-13,32,29,31,30,28,27,30,33,39,44,45,47,49,50,50,51,51,49,48,48,48,48,44,45,
51010,Ozone,2020-05-14,42,39,33,29,25,23,26,32,40,44,46,54,55,56,55,55,54,53,52,50,51,47,39,34,
51010,Ozone,2020-05-15,32,35,35,31,26,24,35,37,36,36,35,33,32,32,32,33,31,28,24,25,26,28,29,28,
51010,Ozone,2020-05-16,30,32,33,35,37,34,32,35,35,34,35,37,40,42,42,43,42,42,41,40,37,37,36,36,
51010,Ozone,2020-05-17,33,27,23,22,24,18,17,29,36,41,42,43,43,44,44,44,44,44,39,39,37,38,37,36,
51010,Ozone,2020-05-18,37,36,38,40,41,41,41,41,41,40,40,41,44,45,47,47,49,49,47,46,44,44,43,42,
51010,Ozone,2020-05-19,40,39,39,39,38,36,38,38,39,40,42,42,44,47,49,51,52,50,48,46,42,41,34,30,
51010,Ozone,2020-05-20,22,22,26,25,21,14,29,34,38,44,50,51,52,52,51,50,51,51,49,46,44,41,41,42,
51010,Ozone,2020-05-21,41,40,31,27,28,23,23,30,41,47,52,54,56,56,57,57,57,57,58,56,55,40,43,47,
51010,Ozone,2020-05-22,40,44,44,45,34,26,22,42,47,50,52,56,59,60,57,56,55,53,49,46,44,40,34,36,
51010,Ozone,2020-05-23,32,36,41,41,38,38,40,43,44,46,46,46,45,45,44,44,44,45,43,41,43,44,44,42,
51010,Ozone,2020-05-24,39,37,37,35,34,30,35,34,35,37,39,41,42,41,41,41,44,42,42,41,39,34,27,26,
51010,Ozone,2020-05-25,20,14,17,15,15,15,14,15,13,14,21,27,35,40,39,39,39,38,35,31,28,28,25,21,
51010,Ozone,2020-05-26,18,14,10,6,4,2,12,17,20,27,33,45,54,52,40,33,35,37,32,26,26,21,14,14,
51010,Ozone,2020-05-27,8,7,9,7,7,5,10,17,30,43,59,59,57,57,56,55,56,57,54,51,50,48,47,47,
51010,Ozone,2020-05-28,44,37,39,33,28,20,30,33,35,38,38,40,41,40,38,37,36,24,25,19,21,25,19,11,
51010,Ozone,2020-05-29,9,11,12,11,14,14,12,17,27,36,44,48,50,43,31,30,28,28,19,26,27,34,30,29,
51010,Ozone,2020-05-30,27,25,23,20,20,21,21,23,25,20,17,18,18,16,18,18,23,22,25,28,14,9,10,14,
51010,Ozone,2020-05-31,9,16,19,18,16,11,15,17,21,25,25,26,27,30,32,33,34,35,33,32,30,25,19,13,
51010,Ozone,2020-06-01,14,7,6,4,7,7,8,9,9,8,10,15,21,25,31,36,35,30,26,20,24,25,24,24,
51010,Ozone,2020-06-02,24,25,25,25,19,18,18,19,18,16,16,17,17,15,15,15,15,14,15,15,15,15,20,22,
51010,Ozone,2020-06-03,20,16,12,16,10,11,15,12,11,12,17,24,24,27,27,24,16,15,17,15,8,5,3,3,
51010,Ozone,2020-06-04,1,1,1,2,1,1,4,15,21,26,30,31,32,33,35,36,36,35,34,29,24,19,13,8,
51010,Ozone,2020-06-05,5,5,4,4,6,6,9,19,22,25,31,35,33,34,36,40,31,29,28,34,28,27,38,40,
51010,Ozone,2020-06-06,32,29,28,21,15,18,25,31,37,41,41,38,40,31,29,29,29,27,27,28,26,26,22,20,
51010,Ozone,2020-06-07,19,18,16,15,14,13,13,13,15,16,19,22,26,28,30,30,30,29,29,28,24,22,19,17,
51010,Ozone,2020-06-08,16,15,14,11,10,10,12,16,21,27,28,28,29,31,29,27,25,24,23,22,22,21,20,18,
51010,Ozone,2020-06-09,14,13,12,20,21,23,25,25,24,22,23,25,26,25,24,24,24,24,24,23,20,19,18,17,
51010,Ozone,2020-06-10,17,18,19,22,25,28,30,31,29,25,26,26,28,28,29,29,28,27,25,28,24,43,33,30,
51010,Ozone,2020-06-11,29,30,33,35,35,35,34,31,23,14,18,21,20,22,23,25,25,26,27,24,17,15,13,13,
51010,Ozone,2020-06-12,17,26,31,34,36,34,24,21,22,22,23,23,24,25,24,21,20,19,20,19,19,19,17,15,
51010,Ozone,2020-06-13,13,11,13,14,16,18,17,19,19,20,21,24,26,30,32,33,33,32,30,26,18,18,14,12,
51010,Ozone,2020-06-14,8,8,8,5,5,7,11,13,19,25,30,31,32,34,33,33,33,33,31,26,21,15,16,16,
51010,Ozone,2020-06-15,11,8,7,7,5,6,10,14,21,9999,33,34,35,37,38,38,39,38,36,35,31,23,18,21,
51010,Ozone,2020-06-16,18,16,12,10,6,6,11,16,23,32,34,35,38,39,39,38,39,39,36,30,28,18,16,15,
51010,Ozone,2020-06-17,17,16,13,10,5,4,10,23,34,38,44,51,55,53,51,50,48,46,44,39,34,32,24,21,
51010,Ozone,2020-06-18,17,14,14,9,7,7,12,24,33,42,59,61,63,63,62,61,59,54,51,46,45,42,30,25,
51010,Ozone,2020-06-19,22,26,27,20,18,12,14,25,36,48,56,58,59,56,51,49,48,46,44,40,35,27,24,20,
51010,Ozone,2020-06-20,15,13,11,12,8,11,26,43,50,53,55,54,58,52,50,47,44,37,40,39,35,26,22,17,
51010,Ozone,2020-06-21,16,9,11,8,5,4,8,16,28,41,48,59,57,53,50,50,49,47,44,41,37,43,53,52,
51010,Ozone,2020-06-22,54,56,50,41,34,24,28,42,48,48,52,52,38,38,39,34,29,19,30,27,27,18,16,16,
51010,Ozone,2020-06-23,14,9,12,9,13,17,16,17,19,27,36,39,44,45,42,39,30,22,18,26,25,29,26,25,
51010,Ozone,2020-06-24,22,21,22,26,27,22,21,21,22,22,23,25,26,25,25,26,30,31,31,33,32,27,25,26,
51010,Ozone,2020-06-25,30,26,21,19,18,19,21,24,26,26,26,28,29,31,31,31,32,32,34,34,32,29,25,23,
51010,Ozone,2020-06-26,23,21,21,17,15,11,9,11,17,19,17,22,27,30,30,32,33,33,33,33,33,31,28,26,
51010,Ozone,2020-06-27,25,23,19,26,26,25,26,25,25,28,29,29,24,27,27,17,23,41,33,23,15,10,11,11,
51010,Ozone,2020-06-28,10,8,9,10,11,11,10,12,16,21,24,28,34,34,35,33,29,27,24,19,15,14,12,9,
51010,Ozone,2020-06-29,6,5,7,6,6,7,9,11,16,20,24,28,30,30,30,30,30,33,31,29,29,26,21,15,
51010,Ozone,2020-06-30,10,11,8,4,4,9999,12,17,25,31,35,38,38,41,41,38,35,32,30,24,20,16,12,9,
51010,Ozone,2020-07-01,5,2,2,1,2,2,7,10,21,25,29,33,34,37,37,36,36,32,28,23,26,18,13,14,
51010,Ozone,2020-07-02,11,9,9,11,12,13,13,13,13,17,19,18,19,20,21,24,23,18,19,16,17,18,11,11,
51010,Ozone,2020-07-03,13,10,6,5,5,5,6,9,10,11,14,20,26,31,32,28,27,31,30,30,26,26,24,22,
51010,Ozone,2020-07-04,20,20,19,22,21,16,17,20,23,26,28,30,31,33,36,36,35,33,27,24,20,17,11,11,
51010,Ozone,2020-07-05,11,11,8,9,8,6,15,18,22,26,28,32,34,37,38,40,42,42,41,32,28,26,18,14,
51010,Ozone,2020-07-06,11,7,4,2,1,2,6,10,20,27,31,33,33,34,34,33,34,34,33,31,30,29,24,22,
51010,Ozone,2020-07-07,21,21,20,22,24,24,21,26,30,31,37,49,55,63,62,51,33,31,24,30,13,6,9,4,
51010,Ozone,2020-07-08,3,1,2,2,6,3,12,19,26,30,31,33,37,38,39,40,41,40,34,27,17,13,13,12,
51010,Ozone,2020-07-09,6,5,4,5,3,2,10,20,23,24,29,37,41,42,40,41,36,30,30,24,26,25,23,23,
51010,Ozone,2020-07-10,15,12,13,11,10,9,24,30,32,37,39,36,33,40,28,24,20,13,10,8,23,19,9,4,
51010,Ozone,2020-07-11,4,4,3,7,12,6,5,10,12,14,16,20,22,24,24,31,24,24,35,35,31,31,27,25,
51010,Ozone,2020-07-12,28,25,20,18,17,17,16,16,16,16,12,14,18,19,18,18,19,18,17,13,10,9,5,5,
51010,Ozone,2020-07-13,12,12,11,10,9,8,7,9,11,-999,-999,9999,20,19,21,20,15,15,12,11,10,8,8,8,
51010,Ozone,2020-07-14,7,7,6,5,4,4,5,6,9,11,14,17,23,31,34,32,28,29,27,22,16,14,11,10,
51010,Ozone,2020-07-15,9,9,7,7,11,14,16,17,18,19,20,25,28,31,31,30,30,30,31,32,37,38,35,35,
51010,Ozone,2020-07-16,37,38,37,33,29,27,24,21,21,25,30,26,29,27,35,36,43,37,32,24,19,27,24,18,
51010,Ozone,2020-07-17,17,21,22,29,33,32,32,32,31,29,28,29,30,35,36,38,40,41,42,41,37,38,39,39,
51010,Ozone,2020-07-18,29,20,12,8,12,8,10,28,33,33,31,32,35,34,33,32,28,21,14,12,11,10,5,8,
51010,Ozone,2020-07-19,9,5,6,9,9,8,10,15,16,20,19,9,34,34,34,28,36,36,33,30,36,35,31,26,
51010,Ozone,2020-07-20,24,23,20,18,17,14,16,20,23,23,22,20,20,19,19,18,17,15,13,15,16,18,18,17,
51010,Ozone,2020-07-21,14,12,10,7,7,6,8,9,14,23,20,24,25,25,24,23,21,21,20,14,7,6,8,8,
51010,Ozone,2020-07-22,5,4,3,1,2,1,6,14,17,21,26,30,30,21,19,25,29,28,21,19,18,18,15,13,
51010,Ozone,2020-07-23,12,16,18,15,10,7,13,11,7,8,9,14,14,18,17,22,25,24,21,12,5,4,3,2,
51010,Ozone,2020-07-24,2,2,2,2,2,2,2,4,8,11,16,22,27,27,28,27,25,19,21,12,7,8,5,3,
51010,Ozone,2020-07-25,2,1,1,1,3,2,3,9,13,19,28,29,30,28,27,29,32,32,32,31,32,34,34,36,
51010,Ozone,2020-07-26,41,42,41,36,32,26,18,30,37,39,38,38,36,37,39,39,37,39,41,39,41,39,38,34,
51010,Ozone,2020-07-27,28,27,24,15,15,15,15,23,39,38,32,29,33,31,30,32,33,29,27,28,26,24,25,25,
51010,Ozone,2020-07-28,23,21,21,20,20,19,18,20,20,21,22,23,24,27,30,29,26,24,25,25,25,21,19,16,
51010,Ozone,2020-07-29,14,15,15,13,8,8,6,15,22,25,26,25,25,23,27,28,25,20,13,9,5,3,3,3,
51010,Ozone,2020-07-30,3,2,4,4,4,4,6,6,9,13,17,20,21,21,19,21,24,22,21,14,12,8,10,10,
51010,Ozone,2020-07-31,8,7,6,8,8,8,9,10,16,19,21,23,23,21,27,28,26,22,19,14,8,4,4,4,
51010,Ozone,2020-08-01,4,4,2,2,2,3,6,8,10,13,17,20,23,23,23,23,23,21,20,12,11,15,14,10,
51010,Ozone,2020-08-02,11,13,12,13,14,14,17,14,14,15,28,26,28,27,32,31,28,25,21,21,22,23,33,29,
51010,Ozone,2020-08-03,22,19,16,15,15,15,14,14,14,12,13,13,15,16,15,15,15,13,11,9,7,5,4,5,
51010,Ozone,2020-08-04,5,6,6,6,7,7,8,9,9,8,7,8,8,8,8,8,9,8,8,8,8,6,5,5,
51010,Ozone,2020-08-05,5,7,7,8,8,7,7,7,11,13,15,18,21,23,23,24,23,20,17,18,16,11,8,7,
51010,Ozone,2020-08-06,8,11,14,11,7,5,6,11,11,14,17,22,24,25,26,27,27,24,20,9,8,6,4,4,
51010,Ozone,2020-08-07,3,1,3,4,2,1,2,5,8,15,25,25,24,26,27,28,26,25,23,14,7,5,5,5,
51010,Ozone,2020-08-08,2,2,1,1,1,0,3,4,13,19,22,21,23,21,23,27,24,20,17,23,24,19,18,19,
51010,Ozone,2020-08-09,18,16,14,11,9,15,21,25,31,28,27,23,22,23,24,25,26,23,16,7,6,4,4,4,
51010,Ozone,2020-08-10,4,3,3,4,6,8,9,10,11,13,13,19,26,25,30,38,41,37,31,23,24,16,17,18,
51010,Ozone,2020-08-11,14,9,7,8,11,12,14,21,31,35,31,34,43,42,40,39,37,32,15,14,25,21,13,8,
51010,Ozone,2020-08-12,8,6,3,5,5,3,2,11,15,19,23,28,31,33,35,35,35,31,21,16,9,9,9,5,
51010,Ozone,2020-08-13,5,5,5,4,4,4,4,7,11,15,20,24,26,28,24,27,22,20,13,9,9,7,4,5,
51010,Ozone,2020-08-14,2,3,3,3,2,2,4,8,14,17,21,21,23,26,30,30,29,28,24,20,15,13,11,6,
51010,Ozone,2020-08-15,7,6,5,4,3,2,4,7,12,18,20,22,23,25,28,29,31,33,31,25,23,24,27,24,
51010,Ozone,2020-08-16,23,23,24,23,21,18,18,20,23,18,17,34,37,36,36,32,28,28,27,26,23,27,22,16,
51010,Ozone,2020-08-17,15,13,10,16,21,22,23,26,28,29,26,24,25,26,23,24,26,18,16,14,12,11,10,6,
51010,Ozone,2020-08-18,5,7,7,8,9,9,9,9,11,14,16,18,19,20,20,16,17,15,9,5,5,6,6,7,
51010,Ozone,2020-08-19,7,8,7,8,7,7,14,16,17,16,16,15,15,16,18,18,18,16,13,7,3,4,3,3,
51010,Ozone,2020-08-20,1,1,2,1,1,1,2,4,4,4,6,5,7,12,13,12,11,12,10,7,4,5,20,22,
51010,Ozone,2020-08-21,12,8,7,11,11,11,10,10,11,13,13,14,14,15,16,16,17,14,12,6,4,3,1,1,
51010,Ozone,2020-08-22,1,0,1,1,1,0,1,3,5,12,17,19,21,20,20,22,20,21,18,12,7,9,5,2,
51010,Ozone,2020-08-23,3,1,1,1,1,1,1,5,17,22,28,37,28,25,24,17,13,21,22,13,15,21,24,26,
51010,Ozone,2020-08-24,28,28,29,29,28,24,20,19,18,25,27,32,31,31,28,30,25,17,13,11,10,10,19,32,
51010,Ozone,2020-08-25,37,35,29,28,26,23,22,21,19,18,20,20,20,19,22,26,25,22,22,21,23,26,26,24,
51010,Ozone,2020-08-26,23,20,18,15,15,12,11,14,18,21,23,24,25,26,26,26,26,18,16,12,10,7,7,4,
51010,Ozone,2020-08-27,4,2,1,2,6,8,10,11,13,18,20,20,21,20,21,23,25,22,19,16,14,12,12,12,
51010,Ozone,2020-08-28,10,8,6,5,6,6,7,8,9,11,14,18,19,20,21,22,17,12,7,6,6,5,6,6,
51010,Ozone,2020-08-29,6,9,12,13,12,15,19,22,23,24,22,23,22,19,21,21,22,22,23,22,20,18,16,16,
51010,Ozone,2020-08-30,16,14,12,13,12,12,14,17,19,22,22,21,18,18,19,19,19,21,17,16,12,10,10,6,
51010,Ozone,2020-08-31,4,4,3,2,2,3,3,4,6,10,17,21,-999,-999,24,24,23,22,19,16,17,14,12,13,
51010,Ozone,2020-09-01,13,14,14,14,13,10,10,12,12,17,20,31,34,36,32,33,31,23,19,24,26,26,25,24,
51010,Ozone,2020-09-02,21,19,18,18,17,17,19,25,23,21,24,28,30,37,33,29,26,29,29,24,23,24,25,21,
51010,Ozone,2020-09-03,20,12,14,10,5,6,5,7,12,17,21,24,24,25,27,28,30,26,22,18,23,31,26,22,
51010,Ozone,2020-09-04,19,21,21,20,19,13,10,17,19,23,25,24,24,25,24,23,21,17,9,15,16,10,12,9,
51010,Ozone,2020-09-05,9,11,14,14,12,12,10,10,14,17,20,22,25,27,26,25,25,22,17,13,11,9,8,12,
51010,Ozone,2020-09-06,8,7,9,7,6,5,6,9,10,12,18,22,23,23,22,22,20,18,16,14,13,12,12,14,
51010,Ozone,2020-09-07,19,22,25,23,20,20,17,16,26,28,27,25,24,27,28,26,27,27,24,22,17,11,14,11,
51010,Ozone,2020-09-08,8,6,5,6,5,5,4,7,10,10,11,9,9,9,9,10,7,8,8,8,7,7,5,5,
51010,Ozone,2020-09-09,6,6,5,6,6,6,9,9,10,13,13,13,12,13,17,20,18,17,16,14,15,12,12,11,
51010,Ozone,2020-09-10,9,8,7,8,8,7,7,7,7,9,12,14,16,17,19,18,16,16,16,15,16,18,11,8,
51010,Ozone,2020-09-11,5,5,5,5,6,6,6,8,9,15,26,28,28,28,27,27,25,21,12,5,6,5,4,3,
51010,Ozone,2020-09-12,2,2,2,2,2,5,6,8,10,14,22,24,26,28,28,25,24,23,22,19,18,19,19,18,
51010,Ozone,2020-09-13,18,16,16,17,15,15,15,14,15,14,15,16,21,29,29,28,27,26,23,23,22,17,15,16,
51010,Ozone,2020-09-14,15,16,18,19,15,15,14,17,20,22,22,22,23,24,25,25,25,22,14,12,12,8,8,6,
51010,Ozone,2020-09-15,5,4,4,3,2,4,4,4,5,8,9,11,11,10,10,11,10,9,10,12,13,14,14,13,
51010,Ozone,2020-09-16,11,7,6,10,16,14,14,16,21,24,26,29,33,35,38,41,41,43,37,23,18,13,6,7,
51010,Ozone,2020-09-17,12,13,13,15,15,17,18,18,19,23,25,26,27,27,27,27,26,21,15,12,11,10,10,8,
51010,Ozone,2020-09-18,9,8,7,6,6,6,7,10,17,20,22,25,26,28,27,27,26,26,25,21,18,17,16,16,
51010,Ozone,2020-09-19,15,12,10,9,7,9,9,10,13,17,24,26,26,27,26,25,23,19,14,15,13,11,9,11,
51010,Ozone,2020-09-20,10,7,5,4,3,3,3,6,12,21,26,27,27,28,28,28,28,25,21,21,18,15,13,14,
51010,Ozone,2020-09-21,10,9,7,7,6,6,4,4,12,16,23,30,33,34,33,32,31,29,22,21,19,15,14,10,
51010,Ozone,2020-09-22,8,7,7,9,8,6,5,10,15,19,24,28,28,31,32,34,43,41,29,31,26,24,25,30,
51010,Ozone,2020-09-23,34,37,37,33,27,24,22,22,23,23,26,30,32,33,33,35,34,29,26,20,13,10,11,11,
51010,Ozone,2020-09-24,15,15,13,11,10,13,11,13,14,17,18,21,20,19,19,19,18,14,11,8,7,6,6,6,
51010,Ozone,2020-09-25,6,6,10,9,8,7,7,11,14,18,21,22,25,29,31,33,32,30,29,26,24,22,20,18,
51010,Ozone,2020-09-26,18,15,14,12,10,9,9,9,12,23,27,28,35,50,49,48,38,40,41,42,43,38,36,34,
51010,Ozone,2020-09-27,28,32,32,30,26,27,24,22,24,27,31,32,33,35,37,35,28,28,30,31,26,19,20,14,
51010,Ozone,2020-09-28,12,11,12,12,15,17,17,18,23,28,32,34,36,37,38,41,40,36,35,33,33,33,31,30,
51010,Ozone,2020-09-29,30,30,27,34,30,29,23,22,22,22,24,28,29,28,27,27,25,21,14,13,14,10,10,13,
51010,Ozone,2020-09-30,14,16,14,15,13,16,17,16,21,25,25,24,23,24,26,27,26,25,21,17,19,18,14,12,
51010,Ozone,2020-10-01,12,9,8,8,8,3,4,10,19,22,23,24,25,24,21,21,20,18,18,17,16,15,14,13,
51010,Ozone,2020-10-02,11,11,9,9,10,10,10,13,18,20,22,23,24,23,22,21,21,21,17,12,13,11,10,11,
51010,Ozone,2020-10-03,10,10,8,7,6,5,5,7,11,14,17,23,24,27,27,28,27,20,15,15,13,10,10,9,
51010,Ozone,2020-10-04,8,8,12,14,11,8,10,12,14,20,23,25,27,27,23,23,19,18,18,19,21,18,18,19,
51010,Ozone,2020-10-05,16,15,15,15,15,12,11,11,13,19,26,27,27,27,28,28,27,21,15,15,18,17,12,9,
51010,Ozone,2020-10-06,12,12,12,11,6,11,12,20,24,24,21,17,15,19,25,24,16,13,10,8,12,20,24,26,
51010,Ozone,2020-10-07,25,18,16,22,23,21,18,19,25,29,34,33,29,28,28,26,19,18,19,20,23,23,24,22,
51010,Ozone,2020-10-08,21,20,19,18,17,15,13,15,16,19,22,23,26,28,28,28,27,25,21,18,12,10,8,6,
51010,Ozone,2020-10-09,3,4,4,4,4,2,3,6,8,9,19,27,28,27,26,24,24,25,26,24,22,23,24,28,
51010,Ozone,2020-10-10,35,35,38,28,23,28,29,19,20,37,43,42,42,40,35,30,23,19,19,22,22,20,18,19,
51010,Ozone,2020-10-11,22,25,26,26,25,25,19,21,24,25,26,26,26,26,26,26,25,23,20,20,20,19,17,18,
51010,Ozone,2020-10-12,18,16,14,18,18,15,13,15,20,23,24,24,24,23,22,22,22,23,23,24,25,26,26,25,
51010,Ozone,2020-10-13,26,31,30,28,24,22,20,19,18,17,20,24,25,24,24,24,26,20,11,9,5,7,7,5,
51010,Ozone,2020-10-14,8,12,9,19,24,25,25,23,23,26,29,31,32,33,36,36,30,24,26,28,27,25,25,26,
51010,Ozone,2020-10-15,27,28,31,31,30,26,22,18,18,25,29,33,36,34,34,32,27,26,29,29,27,25,24,23,
51010,Ozone,2020-10-16,19,15,14,11,9,14,14,16,16,17,19,25,29,32,34,33,33,31,26,25,23,19,16,20,
51010,Ozone,2020-10-17,18,19,12,9,13,12,8,10,16,19,23,30,36,38,37,35,34,33,28,19,17,21,20,20,
51010,Ozone,2020-10-18,19,19,20,21,22,22,23,26,34,37,38,37,34,34,35,36,36,36,35,36,33,33,32,31,
51010,Ozone,2020-10-19,31,30,29,29,25,23,25,24,25,26,27,27,27,28,31,32,28,23,20,16,14,11,7,15,
51010,Ozone,2020-10-20,24,22,19,17,17,20,20,20,20,21,24,25,26,26,28,29,25,19,21,17,15,13,14,13,
51010,Ozone,2020-10-21,12,11,10,19,21,20,19,18,16,14,13,13,14,18,29,24,24,23,21,17,17,15,17,17,
51010,Ozone,2020-10-22,17,17,13,11,10,10,12,9,15,23,25,27,26,26,24,25,24,19,14,12,14,17,17,18,
51010,Ozone,2020-10-23,18,16,16,14,14,13,13,11,10,11,11,14,19,29,34,35,36,37,38,35,33,29,28,23,
51010,Ozone,2020-10-24,10,9,11,13,15,15,20,22,23,23,22,23,25,29,31,30,30,30,29,28,28,24,19,17,
51010,Ozone,2020-10-25,16,12,9,8,6,6,6,6,11,20,24,27,30,32,32,32,31,28,29,26,25,15,17,17,
51010,Ozone,2020-10-26,26,25,29,29,28,28,27,25,26,24,24,25,23,22,20,19,16,13,14,16,17,17,21,28,
51010,Ozone,2020-10-27,33,32,31,29,28,21,19,19,26,28,28,30,30,30,29,29,28,25,25,25,24,24,23,21,
51010,Ozone,2020-10-28,20,19,17,16,16,15,14,13,14,15,18,22,26,30,31,32,32,31,30,32,31,30,31,31,
51010,Ozone,2020-10-29,30,30,29,26,20,21,22,31,30,29,27,27,28,28,29,30,30,29,30,32,33,33,33,31,
51010,Ozone,2020-10-30,31,31,31,30,30,29,26,26,27,28,29,30,30,30,31,31,30,30,29,27,26,26,24,23,
51010,Ozone,2020-10-31,22,22,20,19,17,15,16,14,17,20,25,28,31,33,33,33,32,31,31,30,29,30,29,31,
51010,Ozone,2020-11-01,31,29,27,26,25,24,23,23,22,20,18,17,17,22,23,23,21,22,23,23,22,23,29,31,
51010,Ozone,2020-11-02,32,34,35,36,37,37,36,36,36,36,36,35,36,36,36,36,36,34,32,28,25,24,27,26,
51010,Ozone,2020-11-03,27,30,29,28,27,28,28,28,28,29,31,30,30,30,30,30,30,28,28,26,26,25,25,24,
51010,Ozone,2020-11-04,24,24,24,24,22,22,22,21,20,20,20,21,22,23,23,22,21,19,19,17,18,18,19,18,
51010,Ozone,2020-11-05,23,25,25,24,20,20,18,11,18,24,26,36,42,45,47,47,46,43,44,42,38,34,32,35,
51010,Ozone,2020-11-06,28,23,21,15,10,4,5,4,5,7,9,14,23,36,39,42,42,42,41,41,40,40,38,40,
51010,Ozone,2020-11-07,39,39,32,27,13,10,18,11,5,12,23,29,33,43,46,44,44,43,44,45,44,43,36,32,
51010,Ozone,2020-11-08,23,15,12,10,9,9,12,5,2,9,19,35,42,39,39,40,41,40,40,40,41,33,34,31,
51010,Ozone,2020-11-09,28,19,15,10,5,6,17,23,25,26,27,27,28,28,35,36,37,36,38,41,38,42,41,38,
51010,Ozone,2020-11-10,36,36,33,33,32,26,28,26,26,26,25,32,33,32,24,21,17,17,14,25,29,31,27,23,
51010,Ozone,2020-11-11,30,31,29,25,30,30,28,26,25,26,28,36,41,39,33,30,29,28,25,22,21,21,20,21,
51010,Ozone,2020-11-12,21,20,21,22,23,24,26,26,26,26,27,29,29,30,30,29,28,27,24,21,20,20,21,19,
51010,Ozone,2020-11-13,18,13,10,8,6,7,7,5,7,10,16,16,18,19,20,21,20,18,16,16,20,26,22,22,
51010,Ozone,2020-11-14,24,23,22,21,23,23,23,22,23,27,28,28,29,30,31,31,30,28,21,17,15,18,22,20,
51010,Ozone,2020-11-15,21,22,23,23,22,23,25,27,28,28,28,29,28,27,26,25,24,24,27,35,21,19,21,25,
51010,Ozone,2020-11-16,26,26,25,23,21,20,21,20,18,23,27,29,32,31,31,32,32,32,31,29,29,28,28,28,
51010,Ozone,2020-11-17,26,25,24,24,27,33,34,33,32,31,31,32,34,35,35,35,36,36,35,36,36,35,34,33,
51010,Ozone,2020-11-18,33,35,35,34,34,35,35,34,34,35,35,35,34,34,34,34,32,30,28,29,28,28,27,27,
51010,Ozone,2020-11-19,26,26,25,25,26,26,26,25,25,25,25,26,28,29,30,29,28,27,26,24,23,22,22,22,
51010,Ozone,2020-11-20,21,19,18,18,16,16,14,14,12,10,13,24,32,33,34,35,35,34,35,34,31,28,27,26,
51010,Ozone,2020-11-21,25,24,21,20,18,17,19,22,24,25,26,28,29,29,30,30,29,27,24,24,25,24,22,21,
51010,Ozone,2020-11-22,21,20,21,23,23,23,24,24,23,24,24,25,26,26,27,27,27,26,25,25,24,24,23,22,
51010,Ozone,2020-11-23,22,21,21,20,20,20,20,19,19,20,22,25,27,27,26,26,25,24,23,22,20,19,21,26,
51010,Ozone,2020-11-24,28,29,29,30,31,31,31,30,30,32,33,33,33,33,34,33,31,30,29,29,29,29,30,29,
51010,Ozone,2020-11-25,30,30,31,30,29,30,30,28,26,25,25,25,24,24,23,22,22,21,19,17,16,16,16,16,
51010,Ozone,2020-11-26,16,16,16,15,15,14,13,13,13,13,14,13,14,13,12,10,7,7,7,6,5,5,7,10,
51010,Ozone,2020-11-27,14,16,18,19,20,21,20,19,18,18,17,15,16,18,19,17,13,14,13,13,15,16,13,10,
51010,Ozone,2020-11-28,9,6,7,6,7,6,5,6,6,14,21,25,26,27,28,27,23,21,22,13,7,11,22,24,
51010,Ozone,2020-11-29,24,24,22,17,16,16,16,15,15,13,16,19,24,27,27,27,26,24,23,23,22,21,20,19,
51010,Ozone,2020-11-30,19,18,17,16,16,14,15,15,15,15,15,16,17,20,19,20,21,24,24,23,23,20,16,17,
51010,Ozone,2020-12-01,19,20,20,20,20,19,19,18,18,18,19,19,19,20,20,21,23,24,24,25,24,24,24,25,
51010,Ozone,2020-12-02,25,26,26,26,26,26,26,26,27,29,30,30,30,31,31,29,33,33,34,34,35,32,32,33,
51010,Ozone,2020-12-03,30,26,22,21,21,23,23,20,18,18,18,22,28,30,29,24,18,19,19,16,17,15,14,13,
51010,Ozone,2020-12-04,12,11,11,11,11,11,13,12,13,14,12,10,10,12,12,12,11,11,10,8,5,5,7,12,
51010,Ozone,2020-12-05,23,25,26,27,28,29,28,28,28,30,30,30,30,31,31,31,31,30,29,30,30,30,31,32,
51010,Ozone,2020-12-06,33,32,32,34,35,34,35,35,35,35,35,36,35,36,36,35,35,34,34,34,34,33,33,33,
51010,Ozone,2020-12-07,33,33,33,33,33,32,32,31,29,30,32,34,35,35,35,35,34,33,32,32,32,32,32,31,
51010,Ozone,2020-12-08,31,30,29,28,28,28,28,27,27,28,29,30,31,32,31,29,28,25,23,21,21,23,23,25,
51010,Ozone,2020-12-09,27,26,24,24,24,21,19,17,16,14,16,15,15,13,12,11,14,16,15,15,15,15,17,19,
51010,Ozone,2020-12-10,22,23,24,24,27,29,30,29,28,25,26,26,27,26,26,26,22,19,20,20,20,20,19,18,
51010,Ozone,2020-12-11,18,19,20,20,20,19,18,17,17,17,17,17,17,16,16,15,14,13,12,12,12,13,16,17,
51010,Ozone,2020-12-12,17,18,18,17,17,17,17,17,19,20,20,20,21,21,21,21,21,21,20,20,19,17,16,14,
51010,Ozone,2020-12-13,13,13,13,12,11,21,25,27,27,28,28,29,30,30,30,30,29,30,29,29,29,29,29,30,
51010,Ozone,2020-12-14,30,29,29,29,28,28,28,27,27,26,24,22,21,21,21,25,29,29,29,30,29,28,29,29,
51010,Ozone,2020-12-15,30,28,27,28,28,29,30,32,32,33,33,34,34,34,34,34,34,32,30,29,28,26,26,25,
51010,Ozone,2020-12-16,24,24,25,25,23,24,28,31,31,32,32,32,33,34,34,33,32,30,29,29,31,31,31,30,
51010,Ozone,2020-12-17,29,27,27,26,27,27,26,26,27,28,29,30,32,32,32,32,30,29,28,27,26,25,24,21,
51010,Ozone,2020-12-18,20,22,21,22,20,20,22,19,20,21,22,23,27,28,30,30,29,28,25,23,18,14,14,12,
51010,Ozone,2020-12-19,10,12,13,13,15,15,17,17,17,18,20,22,23,24,24,23,21,20,20,19,19,19,20,21,
51010,Ozone,2020-12-20,21,21,21,22,23,24,23,22,22,22,22,22,21,21,21,21,20,19,17,13,11,13,14,15,
51010,Ozone,2020-12-21,16,15,14,14,11,10,10,14,14,12,12,15,17,18,18,17,17,15,15,14,15,11,10,10,
51010,Ozone,2020-12-22,9,9,6,6,9,14,16,18,21,20,21,22,23,23,23,24,25,25,26,26,25,25,27,26,
51010,Ozone,2020-12-23,25,22,20,17,18,16,22,22,22,22,23,24,25,26,26,26,26,26,25,24,24,24,25,24,
51010,Ozone,2020-12-24,25,24,24,24,22,21,21,22,22,22,23,24,26,26,29,21,19,19,18,17,16,16,18,19,
51010,Ozone,2020-12-25,19,19,19,18,18,19,20,20,19,19,19,23,25,26,28,29,29,30,30,30,31,31,31,31,
51010,Ozone,2020-12-26,31,32,32,32,32,33,33,34,33,33,34,34,35,35,35,35,34,33,33,33,32,32,31,30,
51010,Ozone,2020-12-27,31,31,29,29,27,27,23,22,22,27,29,30,30,33,34,33,32,32,32,31,30,30,29,29,
51010,Ozone,2020-12-28,28,27,26,26,25,25,25,24,23,23,22,21,21,24,26,27,28,27,28,29,31,33,35,34,
51010,Ozone,2020-12-29,34,33,33,33,33,32,32,32,31,30,33,33,33,34,34,34,33,33,32,29,28,30,23,22,
51010,Ozone,2020-12-30,21,25,27,22,25,26,26,26,27,27,28,28,29,31,30,31,31,30,30,28,26,23,21,22,
51010,Ozone,2020-12-31,28,28,28,27,26,26,26,29,35,37,38,38,37,36,36,36,35,35,34,34,32,31,29,28,
51010,Ozone,2021-01-01,20,22,19,25,26,24,22,24,26,26,26,25,25,25,27,27,26,26,26,27,26,27,29,31,
51010,Ozone,2021-01-02,32,33,32,31,30,31,30,29,27,28,29,30,31,32,32,33,33,31,30,30,28,24,27,26,
51010,Ozone,2021-01-03,27,28,29,30,32,32,32,31,30,29,30,30,31,33,33,32,31,31,30,28,26,25,25,21,
51010,Ozone,2021-01-04,20,20,23,25,26,26,24,27,29,28,28,30,32,32,32,32,32,30,27,26,26,27,26,26,
51010,Ozone,2021-01-05,26,25,24,23,22,23,22,18,20,19,21,21,22,25,25,24,23,21,19,19,17,17,17,17,
51010,Ozone,2021-01-06,20,23,25,28,28,28,28,29,31,31,32,33,34,34,35,34,35,35,35,34,33,30,30,31,
51010,Ozone,2021-01-07,32,32,32,32,31,31,31,31,31,31,32,32,32,33,33,32,32,32,33,33,32,32,33,33,
51010,Ozone,2021-01-08,33,33,33,33,32,32,31,30,30,30,30,31,32,33,34,36,37,36,36,36,37,36,36,36,
51010,Ozone,2021-01-09,36,36,35,34,33,33,32,31,31,31,31,32,32,32,33,32,32,31,31,31,30,31,31,31,
51010,Ozone,2021-01-10,30,30,30,29,29,29,28,28,28,28,28,28,28,28,29,28,27,27,26,26,25,25,25,24,
51010,Ozone,2021-01-11,24,24,25,24,23,23,22,21,22,22,21,21,21,21,23,24,23,36,36,35,35,32,29,27,
51010,Ozone,2021-01-12,26,26,23,21,28,27,24,23,14,16,24,26,30,33,32,32,30,27,24,23,23,22,22,22,
51010,Ozone,2021-01-13,21,21,20,20,20,20,20,20,19,20,22,24,25,23,22,22,21,21,21,21,21,20,18,18,
51010,Ozone,2021-01-14,15,13,14,11,12,10,8,7,8,3,9,13,13,16,18,19,17,15,15,13,9,9,11,14,
51010,Ozone,2021-01-15,15,13,13,14,14,15,14,14,16,20,23,25,26,27,27,29,32,32,32,32,31,27,25,25,
51010,Ozone,2021-01-16,25,25,25,25,25,25,25,26,26,26,25,23,23,24,25,24,23,22,21,21,20,20,20,20,
51010,Ozone,2021-01-17,20,19,20,21,21,22,23,26,28,29,30,31,31,31,31,31,31,31,31,31,32,32,32,32,
51010,Ozone,2021-01-18,32,32,32,32,33,33,33,34,35,37,37,37,36,37,37,37,36,35,34,33,33,32,32,30,
51010,Ozone,2021-01-19,29,27,25,22,20,20,17,15,20,27,29,31,33,33,33,32,30,27,26,22,21,23,21,23,
51010,Ozone,2021-01-20,24,27,28,29,29,30,31,32,33,34,35,35,36,35,35,36,35,34,32,30,30,30,32,32,
51010,Ozone,2021-01-21,33,33,33,33,33,32,31,30,30,29,29,29,28,27,26,25,23,21,24,30,30,30,29,29,
51010,Ozone,2021-01-22,28,27,28,29,30,28,29,29,29,30,30,30,31,32,32,32,33,33,33,33,34,33,33,34,
51010,Ozone,2021-01-23,35,36,36,35,34,34,34,34,34,34,34,35,35,35,35,35,36,35,35,36,35,35,33,33,
51010,Ozone,2021-01-24,34,34,34,35,35,35,35,35,35,35,37,38,38,39,39,38,38,37,35,35,34,30,28,25,
51010,Ozone,2021-01-25,23,21,25,30,28,30,32,33,33,31,31,32,32,33,33,33,32,31,29,27,26,24,22,18,
51010,Ozone,2021-01-26,17,15,15,14,16,16,14,14,14,19,29,32,35,35,36,36,36,35,35,35,35,36,35,32,
51010,Ozone,2021-01-27,33,31,31,32,32,31,31,30,30,30,30,31,31,31,31,31,32,30,30,30,30,31,32,32,
51010,Ozone,2021-01-28,33,32,32,31,32,33,34,35,34,34,35,35,36,37,37,37,36,36,35,35,35,34,34,34,
51010,Ozone,2021-01-29,34,34,33,33,33,33,33,33,33,33,34,35,35,36,38,39,39,39,38,38,37,37,37,38,
51010,Ozone,2021-01-30,37,37,37,37,38,38,38,38,38,37,38,38,38,38,38,38,38,37,36,34,35,34,33,32,
51010,Ozone,2021-01-31,31,32,30,29,27,25,27,27,25,30,32,34,35,35,35,36,35,34,33,33,32,31,30,30,
51010,Ozone,2021-02-01,27,27,26,26,23,22,24,25,27,28,28,31,33,36,37,39,38,36,37,37,36,34,35,33,
51010,Ozone,2021-02-02,33,32,32,33,33,32,32,32,31,31,31,33,37,38,38,38,39,40,38,39,39,38,37,38,
51010,Ozone,2021-02-03,39,38,38,38,38,38,38,38,38,38,39,40,41,42,43,43,44,44,43,41,40,39,39,38,
51010,Ozone,2021-02-04,38,37,37,36,35,35,34,33,33,34,35,36,38,41,42,43,42,42,40,39,39,38,39,39,
51010,Ozone,2021-02-05,38,38,38,39,39,39,39,38,38,37,37,37,32,24,23,22,23,24,25,27,28,29,29,29,
51010,Ozone,2021-02-06,28,28,27,27,28,28,28,30,31,32,34,35,36,37,37,38,38,37,37,38,38,37,36,37,
51010,Ozone,2021-02-07,40,40,39,38,38,37,37,36,36,36,37,38,38,39,41,41,41,40,39,38,38,37,38,37,
51010,Ozone,2021-02-08,37,36,35,34,35,33,27,25,24,29,30,34,37,39,38,38,38,37,37,36,36,35,35,36,
51010,Ozone,2021-02-09,34,34,31,31,30,32,29,29,31,33,39,40,40,41,42,42,42,41,40,40,39,39,39,40,
51010,Ozone,2021-02-10,40,40,40,39,36,33,33,35,33,32,37,41,43,42,42,42,42,41,41,40,40,39,36,34,
51010,Ozone,2021-02-11,34,34,35,35,36,36,35,35,35,35,34,34,35,36,36,36,36,35,35,35,35,35,33,32,
51010,Ozone,2021-02-12,31,30,30,30,30,30,31,31,32,33,34,35,35,36,37,38,38,38,38,37,37,36,36,36,
51010,Ozone,2021-02-13,36,33,33,34,34,34,33,29,32,33,34,35,35,36,36,36,35,34,32,31,29,29,30,29,
51010,Ozone,2021-02-14,30,31,31,31,30,30,29,29,29,30,32,34,35,36,37,38,38,38,37,36,35,32,31,29,
51010,Ozone,2021-02-15,26,26,29,30,31,31,31,30,31,31,34,36,36,37,38,37,36,36,36,36,34,34,34,34,
51010,Ozone,2021-02-16,34,34,34,34,34,34,33,33,34,34,35,35,35,35,34,34,34,34,34,34,36,36,36,36,
51010,Ozone,2021-02-17,36,35,34,33,33,33,33,32,25,32,33,35,37,39,40,42,43,42,41,40,40,39,37,37,
51010,Ozone,2021-02-18,36,36,33,28,32,30,28,23,27,30,32,34,37,40,41,42,41,41,40,39,39,36,38,36,
51010,Ozone,2021-02-19,34,32,30,29,29,28,28,25,29,33,39,41,42,41,41,41,41,41,39,38,36,36,37,34,
51010,Ozone,2021-02-20,34,34,34,29,25,26,27,26,30,36,37,38,40,41,41,42,42,41,40,40,40,37,36,37,
51010,Ozone,2021-02-21,34,34,28,32,30,29,29,25,24,29,32,36,37,38,41,47,48,48,47,47,48,49,49,49,
51010,Ozone,2021-02-22,48,47,47,46,45,43,42,41,40,40,41,42,43,43,44,45,45,43,42,40,37,34,42,48,
51010,Ozone,2021-02-23,49,46,41,41,42,40,39,39,41,42,43,42,43,41,39,38,37,34,28,30,34,34,34,32,
51010,Ozone,2021-02-24,31,30,27,29,25,23,24,24,24,27,29,30,33,32,32,34,33,32,32,36,38,40,41,39,
51010,Ozone,2021-02-25,37,37,36,35,37,36,34,36,36,36,36,38,40,41,43,43,43,42,41,42,41,40,37,34,
51010,Ozone,2021-02-26,33,29,25,27,25,25,23,27,30,33,34,36,39,41,42,43,44,43,41,41,41,42,41,39,
51010,Ozone,2021-02-27,40,40,41,41,41,40,40,39,39,39,39,39,38,39,40,42,43,43,42,40,38,39,37,34,
51010,Ozone,2021-02-28,30,28,26,20,20,20,24,28,28,30,32,35,38,41,44,45,44,43,41,39,38,37,37,36,
51010,Ozone,2021-03-01,34,34,31,34,38,38,37,33,29,33,34,34,35,37,37,36,36,36,38,38,38,40,40,39,
51010,Ozone,2021-03-02,39,39,39,38,37,37,37,37,37,37,38,40,41,42,43,43,43,43,43,42,41,40,39,38,
51010,Ozone,2021-03-03,36,34,33,32,31,25,25,28,28,30,32,33,35,38,38,39,41,40,39,39,38,38,38,38,
51010,Ozone,2021-03-04,39,39,39,39,39,37,35,34,31,29,31,34,36,38,39,39,38,37,37,37,37,35,34,33,
51010,Ozone,2021-03-05,33,33,34,35,36,36,37,38,39,41,42,42,43,43,43,42,42,41,41,40,40,40,40,40,
51010,Ozone,2021-03-06,40,40,40,40,40,40,40,40,40,40,40,40,40,41,41,41,41,41,41,41,41,41,40,40,
51010,Ozone,2021-03-07,40,40,39,38,37,37,37,36,35,35,37,38,39,39,39,39,40,40,39,38,38,37,35,35,
51010,Ozone,2021-03-08,36,34,32,30,32,28,31,26,27,30,31,34,36,38,39,40,41,42,42,41,39,38,37,37,
51010,Ozone,2021-03-09,37,37,36,34,35,34,34,35,40,42,42,42,43,43,43,43,44,44,43,42,39,38,36,35,
51010,Ozone,2021-03-10,35,35,36,35,36,36,35,35,36,37,38,40,43,45,46,48,48,50,52,52,53,52,51,53,
51010,Ozone,2021-03-11,54,52,52,55,54,52,50,48,47,44,44,45,47,48,46,47,47,43,44,43,37,36,38,40,
51010,Ozone,2021-03-12,40,40,40,40,40,40,40,39,39,39,41,42,41,42,44,44,41,35,37,36,36,36,35,34,
51010,Ozone,2021-03-13,34,34,34,34,34,35,36,35,36,38,40,40,42,42,43,43,43,42,42,43,44,44,43,42,
51010,Ozone,2021-03-14,41,40,-999,-999,44,44,44,42,41,41,44,45,44,45,44,44,43,43,42,42,42,42,42,42,
51010,Ozone,2021-03-15,42,42,41,41,41,40,40,39,38,39,39,39,39,40,40,41,41,41,41,39,37,34,33,34,
51010,Ozone,2021-03-16,35,35,29,28,27,26,22,23,31,33,36,37,40,43,43,43,43,42,41,40,37,34,34,36,
51010,Ozone,2021-03-17,36,34,34,25,28,31,27,24,30,34,38,42,44,46,47,46,43,42,41,41,42,41,39,37,
51010,Ozone,2021-03-18,35,34,36,35,34,33,33,34,35,40,42,43,44,46,44,43,43,43,42,42,41,41,41,41,
51010,Ozone,2021-03-19,41,41,41,41,41,41,40,41,42,43,43,44,43,43,43,43,43,43,43,42,43,43,42,41,
51010,Ozone,2021-03-20,41,41,38,40,40,39,39,38,37,40,41,43,45,46,47,48,48,47,47,47,47,47,47,47,
51010,Ozone,2021-03-21,47,44,42,36,37,34,28,26,32,36,39,43,46,50,53,53,52,51,51,50,50,48,48,45,
51010,Ozone,2021-03-22,42,41,39,35,33,31,30,31,38,39,41,49,54,55,55,56,57,56,55,55,54,52,50,46,
51010,Ozone,2021-03-23,45,46,48,46,40,39,31,27,37,48,50,52,55,57,59,59,57,56,56,56,54,52,52,51,
51010,Ozone,2021-03-24,49,46,45,44,32,28,43,43,43,43,43,44,44,44,42,39,36,35,31,27,24,23,21,20,
51010,Ozone,2021-03-25,19,17,16,14,16,14,20,19,20,27,33,36,38,37,36,37,37,36,35,35,33,32,31,29,
51010,Ozone,2021-03-26,27,27,24,21,21,23,23,22,20,21,23,25,27,29,29,31,31,32,32,32,32,32,31,31,
51010,Ozone,2021-03-27,31,31,31,30,29,28,27,28,30,31,33,34,34,35,36,34,33,33,31,29,28,28,27,25,
51010,Ozone,2021-03-28,25,25,26,25,25,25,26,27,27,25,23,21,20,19,18,18,18,15,24,27,23,23,31,37,
51010,Ozone,2021-03-29,38,38,39,39,40,42,41,41,42,41,41,41,41,41,41,41,41,42,38,36,32,30,31,30,
51010,Ozone,2021-03-30,29,27,28,29,30,29,30,31,32,34,35,43,49,50,52,53,53,53,53,51,50,47,45,43,
51010,Ozone,2021-03-31,44,45,43,43,42,39,35,40,41,44,42,39,35,33,33,33,36,37,36,34,32,32,31,34,
51010,Ozone,2021-04-01,33,32,34,34,34,33,32,32,32,33,34,37,37,37,38,40,43,44,43,42,42,42,42,42,
51010,Ozone,2021-04-02,42,41,41,41,41,40,40,40,41,41,42,43,43,44,45,45,44,44,43,42,41,40,39,37,
51010,Ozone,2021-04-03,36,31,32,29,25,22,21,23,33,37,39,44,48,49,49,48,48,48,47,47,46,45,41,39,
51010,Ozone,2021-04-04,37,35,34,27,19,16,14,18,30,39,42,46,47,49,50,51,51,51,50,49,48,46,44,44,
51010,Ozone,2021-04-05,43,40,38,37,36,35,34,35,38,44,45,46,46,47,47,48,49,48,46,45,45,44,41,37,
51010,Ozone,2021-04-06,37,37,29,25,23,25,24,29,35,42,45,47,49,52,52,51,52,49,46,46,44,41,40,39,
51010,Ozone,2021-04-07,41,40,37,37,34,32,32,33,40,44,45,47,46,46,46,46,43,40,39,41,42,40,38,37,
51010,Ozone,2021-04-08,34,35,31,27,22,26,25,27,29,32,35,37,40,41,42,42,43,42,41,41,41,40,40,40,
51010,Ozone,2021-04-09,39,37,36,33,31,28,27,28,31,34,39,43,44,43,39,38,39,36,34,35,34,33,31,26,
51010,Ozone,2021-04-10,29,30,30,28,28,26,26,26,28,29,31,34,38,42,49,53,53,52,50,48,48,44,43,41,
51010,Ozone,2021-04-11,42,43,42,42,42,38,35,33,35,35,36,37,39,41,42,42,42,41,38,40,43,42,41,41,
51010,Ozone,2021-04-12,42,43,41,40,38,36,35,34,34,35,36,37,39,40,42,42,42,41,40,37,35,34,33,33,
51010,Ozone,2021-04-13,31,28,23,23,22,27,29,29,30,31,31,32,33,34,35,37,37,31,24,18,25,27,26,25,
51010,Ozone,2021-04-14,22,20,18,15,9,13,14,14,20,34,37,44,50,51,51,51,52,48,44,45,43,42,35,33,
51010,Ozone,2021-04-15,34,33,33,35,36,37,37,37,39,38,39,39,40,40,39,9999,9999,31,29,28,27,26,25,23,
51010,Ozone,2021-04-16,21,19,18,19,27,27,27,27,30,36,41,43,42,40,40,40,41,37,32,29,26,26,23,23,
51010,Ozone,2021-04-17,22,21,29,30,30,27,26,25,24,22,24,21,21,20,20,22,23,23,21,16,13,13,15,14,
51010,Ozone,2021-04-18,15,16,18,18,17,13,13,18,20,22,27,30,32,35,32,30,31,28,24,21,18,15,16,14,
51010,Ozone,2021-04-19,13,13,8,7,9,9,9,14,35,37,36,43,46,43,44,47,49,49,48,49,47,48,46,42,
51010,Ozone,2021-04-20,39,34,31,29,28,33,36,38,38,37,36,35,34,33,34,33,32,32,32,30,31,32,33,33,
51010,Ozone,2021-04-21,33,34,34,34,34,34,34,35,35,36,38,38,39,39,39,38,37,38,37,38,38,38,38,38,
51010,Ozone,2021-04-22,37,37,40,42,41,40,37,37,39,40,40,42,43,44,45,44,43,43,44,43,42,41,40,39,
51010,Ozone,2021-04-23,39,39,40,41,40,39,40,41,43,45,47,49,49,51,52,52,52,53,53,51,50,52,54,55,
51010,Ozone,2021-04-24,55,53,52,51,50,48,47,46,50,56,58,59,59,58,58,58,58,55,52,52,52,48,38,43,
51010,Ozone,2021-04-25,45,33,26,31,32,31,27,24,20,22,30,40,40,18,17,16,17,19,21,26,37,40,40,41,
51010,Ozone,2021-04-26,43,42,39,37,35,33,34,35,37,39,41,43,43,43,44,44,44,45,44,42,40,38,38,30,
51010,Ozone,2021-04-27,32,28,24,24,23,20,24,33,36,40,41,41,41,41,41,42,41,41,41,36,33,32,31,31,
51010,Ozone,2021-04-28,32,26,25,23,19,16,15,22,23,22,23,24,21,25,35,37,35,33,28,24,24,23,23,23,
51010,Ozone,2021-04-29,22,22,23,22,20,19,18,19,20,22,25,32,42,42,41,41,41,37,34,29,29,28,32,33,
51010,Ozone,2021-04-30,34,31,28,27,27,27,30,32,30,27,19,18,19,22,26,32,35,35,33,33,32,32,33,33,
51010,Ozone,2021-05-01,33,34,34,33,32,32,32,32,33,33,36,38,39,40,41,40,38,38,39,36,34,33,32,32,
51010,Ozone,2021-05-02,29,24,21,17,21,25,24,26,27,30,32,32,33,34,35,37,36,36,35,34,34,37,44,44,
51010,Ozone,2021-05-03,41,43,38,37,33,33,32,31,32,32,32,32,31,30,28,29,28,26,24,24,22,19,21,20,
51010,Ozone,2021-05-04,19,17,26,32,30,32,32,30,29,28,28,29,28,27,26,28,27,24,22,20,18,15,15,15,
51010,Ozone,2021-05-05,16,16,16,15,15,16,17,18,20,23,25,26,28,28,29,28,25,25,26,26,25,24,24,24,
51010,Ozone,2021-05-06,25,27,27,25,24,23,25,28,30,33,34,36,36,36,36,36,36,35,35,32,28,23,22,18,
51010,Ozone,2021-05-07,18,17,15,13,12,7,7,15,23,27,34,35,36,36,37,37,37,37,36,34,33,31,33,29,
51010,Ozone,2021-05-08,30,24,17,24,15,16,15,21,33,33,32,32,34,34,33,35,35,33,31,28,23,18,14,10,
51010,Ozone,2021-05-09,10,9,7,5,4,6,9,13,21,25,32,33,31,31,35,36,37,37,36,36,33,26,19,21,
51010,Ozone,2021-05-10,20,17,20,19,19,18,21,22,24,31,35,40,38,37,39,39,36,34,32,34,33,30,27,24,
51010,Ozone,2021-05-11,23,23,24,25,25,27,25,23,22,21,19,19,19,18,18,19,19,21,23,25,23,20,18,16,
51010,Ozone,2021-05-12,19,22,22,22,22,22,28,36,43,46,46,44,45,45,43,41,42,42,42,42,39,34,33,31,
51010,Ozone,2021-05-13,24,24,19,13,17,22,27,30,32,37,40,41,42,43,44,44,44,44,44,42,41,40,39,37,
51010,Ozone,2021-05-14,37,35,34,31,31,24,32,33,36,39,43,44,45,45,46,45,45,45,45,44,44,44,45,46,
51010,Ozone,2021-05-15,46,47,46,40,37,32,23,41,43,46,51,52,53,55,53,51,49,48,49,42,34,35,24,22,
51010,Ozone,2021-05-16,24,26,19,14,15,13,16,32,45,49,55,58,60,61,60,61,61,60,54,56,55,53,49,47,
51010,Ozone,2021-05-17,39,38,34,30,25,21,32,37,48,55,60,63,64,61,59,58,58,57,57,55,53,49,44,38,
51010,Ozone,2021-05-18,33,31,25,19,17,18,17,39,49,49,50,49,49,51,51,51,51,52,49,44,43,39,28,26,
51010,Ozone,2021-05-19,22,22,21,17,15,13,18,35,48,53,58,56,57,58,58,58,60,59,58,58,56,56,50,47,
51010,Ozone,2021-05-20,40,34,29,30,27,22,20,29,48,49,51,41,37,48,50,50,46,45,49,45,37,24,19,15,
51010,Ozone,2021-05-21,17,15,11,8,6,4,11,20,21,26,32,35,43,64,66,65,64,62,57,56,51,53,54,57,
51010,Ozone,2021-05-22,57,53,44,42,38,30,25,36,46,43,40,41,40,39,38,35,34,34,34,32,30,30,28,26,
51010,Ozone,2021-05-23,25,22,22,20,16,16,22,21,25,27,28,31,35,39,42,43,44,44,43,40,32,25,23,22,
51010,Ozone,2021-05-24,23,19,16,13,15,12,22,29,34,35,36,38,41,42,43,41,41,42,41,38,32,28,22,21,
51010,Ozone,2021-05-25,20,21,24,24,24,21,24,25,23,20,31,44,46,47,49,48,55,56,58,54,51,51,53,53,
51010,Ozone,2021-05-26,50,44,42,41,35,35,33,28,26,29,32,37,41,46,45,45,43,41,39,37,34,23,24,25,
51010,Ozone,2021-05-27,30,32,34,34,34,34,35,35,36,36,35,36,35,36,37,38,38,39,37,35,32,25,22,21,
51010,Ozone,2021-05-28,23,21,24,29,29,28,31,34,34,35,36,37,37,38,40,41,42,43,42,40,33,29,27,26,
51010,Ozone,2021-05-29,25,26,21,19,18,19,24,30,34,38,40,42,43,44,44,45,45,44,42,38,33,32,27,24,
51010,Ozone,2021-05-30,21,19,17,14,12,12,18,21,31,40,42,41,42,42,43,44,44,42,39,35,30,30,32,33,
51010,Ozone,2021-05-31,31,27,22,22,17,14,15,23,28,31,36,39,41,44,44,45,47,50,49,46,46,46,47,48,
51010,Ozone,2021-06-01,47,47,40,39,37,28,27,40,44,47,48,50,51,51,51,52,52,51,49,46,44,43,45,40,
51010,Ozone,2021-06-02,36,38,33,30,27,19,23,37,41,49,57,58,59,59,58,58,55,54,53,48,40,36,44,45,
51010,Ozone,2021-06-03,43,42,37,39,36,27,23,24,30,32,33,34,38,40,41,40,39,38,37,33,29,29,33,28,
51010,Ozone,2021-06-04,29,28,20,18,9,5,8,37,44,49,55,53,51,49,37,26,26,18,17,22,18,29,33,33,
51010,Ozone,2021-06-05,35,32,23,19,21,18,13,11,15,32,45,49,50,47,47,38,34,32,35,23,15,8,11,7,
51010,Ozone,2021-06-06,5,6,3,4,3,5,9,13,25,32,46,47,54,57,57,60,62,62,59,59,59,47,43,35,
51010,Ozone,2021-06-07,35,37,31,29,21,17,22,37,48,50,54,55,54,52,49,47,45,39,38,39,38,38,39,39,
51010,Ozone,2021-06-08,38,34,30,30,17,15,21,29,31,32,33,35,37,38,38,40,35,42,34,25,16,15,30,31,
51010,Ozone,2021-06-09,28,20,20,18,20,21,27,28,28,28,28,31,36,39,37,34,33,34,33,29,26,23,23,21,
51010,Ozone,2021-06-10,18,18,16,16,17,19,23,31,32,33,33,34,36,37,38,38,38,36,32,28,27,27,18,16,
51010,Ozone,2021-06-11,9,8,8,8,5,6,8,10,17,22,31,28,31,35,33,38,37,27,25,24,23,17,11,8,
51010,Ozone,2021-06-12,7,7,7,5,5,7,15,20,25,30,33,37,37,39,40,39,39,38,36,30,28,22,19,17,
51010,Ozone,2021-06-13,16,15,15,14,13,12,14,16,24,26,31,32,34,33,34,32,30,27,24,20,17,10,8,8,
51010,Ozone,2021-06-14,8,6,7,9,12,15,15,15,20,20,20,21,23,23,21,18,30,30,25,21,18,16,18,20,
51010,Ozone,2021-06-15,19,20,22,25,25,26,25,25,27,26,26,29,33,41,45,44,43,40,37,34,35,34,32,30,
51010,Ozone,2021-06-16,28,27,25,25,24,25,26,26,27,27,29,32,36,36,36,37,37,38,37,37,36,34,32,26,
51010,Ozone,2021-06-17,24,22,21,17,11,13,19,23,22,26,32,34,35,37,38,38,38,39,40,39,38,35,33,31,
51010,Ozone,2021-06-18,31,27,26,25,25,21,23,23,23,26,25,25,23,26,29,26,26,22,22,20,22,24,23,9,
51010,Ozone,2021-06-19,10,9,22,24,23,24,23,23,24,23,23,23,23,24,25,27,26,26,26,23,17,15,11,7,
51010,Ozone,2021-06-20,5,5,4,2,1,1,7,16,20,20,25,31,34,39,43,41,40,39,37,33,21,20,21,14,
51010,Ozone,2021-06-21,15,18,17,16,15,20,25,29,33,35,30,40,40,46,47,42,41,41,41,25,20,16,13,13,
51010,Ozone,2021-06-22,15,15,13,12,12,11,12,15,17,17,18,18,20,21,21,21,21,21,21,19,14,12,11,10,
51010,Ozone,2021-06-23,11,10,11,11,6,5,12,17,19,22,25,29,31,33,33,33,33,34,31,29,26,26,21,22,
51010,Ozone,2021-06-24,30,42,42,42,41,38,38,43,44,48,50,52,53,53,56,58,59,56,53,53,52,43,36,34,
51010,Ozone,2021-06-25,34,29,30,29,30,27,28,27,28,22,22,23,26,24,29,25,18,19,20,23,26,24,22,22,
51010,Ozone,2021-06-26,21,23,28,28,26,30,32,31,28,24,23,21,18,17,26,28,24,22,16,13,15,17,16,17,
51010,Ozone,2021-06-27,21,21,19,12,7,8,13,22,27,25,27,32,36,37,37,38,41,42,42,36,31,27,15,7,
51010,Ozone,2021-06-28,3,3,3,6,7,1,2,9,14,20,21,23,29,31,30,29,25,25,24,20,15,18,22,21,
51010,Ozone,2021-06-29,20,14,12,8,7,5,8,14,15,15,15,13,15,18,19,20,20,12,6,5,6,4,5,8,
51010,Ozone,2021-06-30,6,6,4,6,11,19,21,24,30,35,33,30,30,24,22,27,29,30,28,19,7,8,4,2,
51010,Ozone,2021-07-01,2,3,2,6,14,13,17,19,19,19,19,19,18,16,15,16,18,20,13,9999,-999,-999,10,9,
51010,Ozone,2021-07-02,9,9,10,14,14,12,12,12,11,11,13,15,16,16,16,13,12,17,14,12,9,7,5,3,
51010,Ozone,2021-07-03,3,2,4,5,3,2,4,8,11,17,18,19,20,21,21,19,16,12,8,7,7,12,17,16,
51010,Ozone,2021-07-04,17,16,12,10,10,9,13,16,21,23,26,27,27,28,28,28,27,27,26,24,21,19,17,18,
51010,Ozone,2021-07-05,18,17,16,16,16,17,20,21,23,23,25,24,26,29,35,36,45,49,47,45,34,30,22,15,
51010,Ozone,2021-07-06,12,10,8,12,28,28,29,31,30,29,28,28,26,25,28,27,30,24,18,20,19,19,19,20,
51010,Ozone,2021-07-07,23,24,25,25,25,21,18,18,20,19,21,22,23,25,25,26,19,16,11,9,10,17,23,23,
51010,Ozone,2021-07-08,22,21,20,18,18,18,15,16,13,11,12,11,10,11,16,27,26,24,24,21,21,19,13,11,
51010,Ozone,2021-07-09,10,10,10,10,8,9,9,11,21,21,21,22,24,27,27,29,29,22,11,6,3,2,2,2,
51010,Ozone,2021-07-10,1,1,1,1,2,3,5,7,9,13,20,25,28,28,28,27,25,25,24,19,14,9,8,8,
51010,Ozone,2021-07-11,5,3,3,2,1,1,5,7,11,16,22,26,27,27,26,26,25,21,18,13,11,8,5,4,
51010,Ozone,2021-07-12,4,2,1,1,1,2,5,10,14,18,22,21,19,21,22,26,28,25,22,21,17,16,15,16,
51010,Ozone,2021-07-13,10,15,28,28,27,24,24,27,28,29,30,30,30,29,29,26,23,26,26,28,26,27,27,23,
51010,Ozone,2021-07-14,21,17,16,21,20,22,28,29,28,28,30,31,32,33,35,37,36,34,30,25,23,24,21,14,
51010,Ozone,2021-07-15,12,11,6,7,8,9,12,17,21,24,30,35,27,35,26,28,21,27,32,36,31,38,44,40,
51010,Ozone,2021-07-16,36,32,27,27,23,20,19,19,18,17,17,18,20,21,22,22,16,13,8,4,4,3,3,3,
51010,Ozone,2021-07-17,1,1,1,0,0,1,1,2,4,7,9,9,11,13,17,13,10,7,4,2,1,1,1,0,
51010,Ozone,2021-07-18,0,0,0,1,3,4,5,7,9,11,12,13,18,23,26,41,32,22,28,39,29,23,17,14,
51010,Ozone,2021-07-19,12,9,10,10,8,8,8,8,9,11,13,23,30,28,27,31,30,23,11,6,11,22,26,36,
51010,Ozone,2021-07-20,34,30,28,26,27,25,21,14,14,14,13,13,14,16,22,18,13,13,15,14,12,11,9,7,
51010,Ozone,2021-07-21,5,4,5,6,7,8,9,11,12,15,16,19,21,23,23,25,24,23,23,20,14,12,9,7,
51010,Ozone,2021-07-22,9,9,9,10,9,9,8,11,15,16,17,20,20,22,25,24,19,16,11,6,5,2,4,11,
51010,Ozone,2021-07-23,5,5,7,9,7,6,6,7,11,18,23,26,26,27,29,28,28,26,24,19,14,8,8,7,
51010,Ozone,2021-07-24,5,2,2,1,1,4,5,8,13,18,35,33,30,29,28,29,28,24,28,27,29,28,29,28,
51010,Ozone,2021-07-25,27,33,37,36,31,31,30,30,34,36,37,38,38,38,38,35,27,34,25,22,14,5,3,3,
51010,Ozone,2021-07-26,2,1,0,2,1,1,2,9,15,26,29,34,38,35,36,36,35,34,29,29,25,22,22,16,
51010,Ozone,2021-07-27,11,11,10,7,6,3,2,8,9,11,15,16,18,18,18,18,13,16,11,8,2,1,2,0,
51010,Ozone,2021-07-28,1,1,3,2,2,2,3,5,9,16,19,21,23,24,24,24,23,20,20,15,10,13,11,12,
51010,Ozone,2021-07-29,11,10,10,8,8,7,4,6,8,11,16,17,18,18,20,20,19,19,12,6,5,18,27,24,
51010,Ozone,2021-07-30,24,22,21,22,21,20,18,16,16,20,21,22,26,25,26,28,28,28,26,22,22,19,14,10,
51010,Ozone,2021-07-31,6,6,5,5,6,3,4,8,14,15,21,25,27,28,28,26,23,24,22,20,16,11,10,10,
51010,Ozone,2021-08-01,8,9,11,9,9,9,10,15,19,20,19,21,23,20,20,18,19,20,16,11,10,7,6,8,
51010,Ozone,2021-08-02,15,15,13,9,11,13,13,14,15,19,22,24,24,26,28,30,29,29,29,21,19,23,23,21,
51010,Ozone,2021-08-03,21,21,17,12,8,5,3,11,19,21,24,25,25,26,26,28,27,25,25,23,21,17,16,11,
51010,Ozone,2021-08-04,10,7,6,4,3,2,2,6,13,21,22,27,29,31,32,32,31,32,30,23,18,22,20,16,
51010,Ozone,2021-08-05,9,4,3,4,4,1,1,6,16,24,32,38,43,48,48,46,36,31,24,13,9,11,8,9,
51010,Ozone,2021-08-06,8,13,7,8,8,2,6,15,24,32,47,53,54,55,52,51,52,47,42,44,45,44,34,31,
51010,Ozone,2021-08-07,26,17,17,18,9,11,12,15,19,30,29,32,36,26,22,23,20,19,17,16,15,13,9,9,
51010,Ozone,2021-08-08,8,7,11,13,12,10,11,10,12,14,16,19,20,24,28,30,27,25,25,24,27,28,22,10,
51010,Ozone,2021-08-09,11,13,14,13,10,11,17,24,23,29,30,32,34,39,38,39,38,28,27,21,20,17,15,14,
51010,Ozone,2021-08-10,12,15,18,20,21,22,22,22,23,25,27,26,25,28,35,38,37,35,27,21,22,20,15,15,
51010,Ozone,2021-08-11,11,10,8,5,4,6,9,17,27,30,29,31,32,23,37,37,38,33,27,20,25,33,44,36,
51010,Ozone,2021-08-12,23,18,12,11,13,13,14,20,24,23,30,30,32,36,40,40,38,36,34,33,21,19,19,16,
51010,Ozone,2021-08-13,13,17,11,7,9,6,6,12,14,22,33,37,37,35,35,34,33,31,28,26,26,30,32,33,
51010,Ozone,2021-08-14,34,30,26,23,19,15,15,21,23,26,28,29,29,30,30,30,28,28,25,20,16,14,10,9,
51010,Ozone,2021-08-15,7,6,5,3,4,3,3,7,11,13,20,26,28,29,28,29,29,27,21,15,13,14,13,11,
51010,Ozone,2021-08-16,7,6,5,4,2,2,2,7,16,21,25,25,29,29,31,30,29,29,26,20,17,16,13,10,
51010,Ozone,2021-08-17,8,9,9,6,5,4,4,10,17,21,28,31,31,27,25,29,29,28,25,23,22,15,13,14,
51010,Ozone,2021-08-18,13,14,12,9,9,7,7,9,17,22,24,27,33,33,35,36,37,34,32,25,22,17,11,8,
51010,Ozone,2021-08-19,11,7,3,1,1,3,4,5,7,12,25,32,31,30,25,23,20,21,13,13,8,6,6,4,
51010,Ozone,2021-08-20,5,3,2,3,2,3,4,8,11,14,22,28,30,31,31,29,27,25,18,9,9,4,2,1,
51010,Ozone,2021-08-21,1,1,0,0,0,1,1,3,6,21,21,25,23,28,31,31,31,31,27,21,18,30,28,18,
51010,Ozone,2021-08-22,18,21,20,16,12,9,12,16,17,21,19,20,26,27,25,24,23,16,13,10,8,6,8,5,
51010,Ozone,2021-08-23,3,6,7,5,5,4,7,8,9,13,13,15,22,19,19,11,11,15,12,7,4,2,8,10,
51010,Ozone,2021-08-24,8,12,9,13,12,15,14,9999,-999,-999,-999,-999,-999,-999,-999,43,42,38,28,24,19,16,20,12,
51010,Ozone,2021-08-25,11,11,10,8,7,2,6,5,12,15,31,35,38,41,38,37,42,42,38,34,37,40,42,39,
51010,Ozone,2021-08-26,27,31,36,35,35,28,28,32,32,34,38,42,46,45,44,43,40,38,35,33,33,31,29,26,
51010,Ozone,2021-08-27,24,23,22,23,24,22,19,25,31,34,32,31,30,29,28,26,24,20,21,21,18,16,14,12,
51010,Ozone,2021-08-28,10,13,13,12,13,16,19,-999,-999,-999,-999,-999,-999,-999,-999,-999,-999,-999,27,27,26,24,22,20,
51010,Ozone,2021-08-29,19,17,15,13,10,9,8,7,6,6,7,8,10,14,16,19,19,15,11,20,36,33,26,28,
51010,Ozone,2021-08-30,32,32,29,28,23,25,24,28,32,38,39,39,39,38,38,38,36,34,35,32,30,31,32,31,
51010,Ozone,2021-08-31,29,27,27,26,22,19,18,18,21,25,26,29,30,33,33,32,32,29,27,24,23,20,19,18,
51010,Ozone,2021-09-01,16,12,12,12,9,6,5,10,17,21,25,28,30,31,32,32,33,33,32,30,28,28,24,22,
51010,Ozone,2021-09-02,21,22,23,23,22,22,22,22,22,22,21,21,21,20,19,18,18,17,16,17,17,16,16,15,
51010,Ozone,2021-09-03,14,14,14,14,14,13,12,11,12,12,12,13,15,18,20,22,22,21,20,18,19,17,18,16,
51010,Ozone,2021-09-04,15,13,10,7,4,4,5,6,11,13,16,18,18,20,21,22,24,22,19,11,8,6,5,4,
51010,Ozone,2021-09-05,7,9,13,15,18,19,16,14,16,21,31,33,35,37,36,35,33,33,31,22,16,18,18,15,
51010,Ozone,2021-09-06,14,14,11,12,8,5,5,10,13,15,21,23,23,21,22,22,21,19,19,17,17,12,8,7,
51010,Ozone,2021-09-07,9,9,6,7,9,8,3,7,14,18,23,24,23,24,24,24,23,21,19,20,22,28,31,25,
51010,Ozone,2021-09-08,22,21,18,18,22,21,25,27,31,34,38,39,38,39,38,33,33,33,33,30,33,30,24,24,
51010,Ozone,2021-09-09,24,20,17,11,10,7,6,12,21,21,22,26,28,29,29,28,25,24,23,22,21,18,15,12,
51010,Ozone,2021-09-10,11,9,10,9,8,9,9,10,14,21,24,26,27,29,28,27,27,24,17,11,7,6,9,14,
51010,Ozone,2021-09-11,11,9,7,5,4,6,7,12,14,17,28,32,37,40,42,42,42,44,43,47,49,50,47,47,
51010,Ozone,2021-09-12,42,38,36,33,29,26,23,21,21,22,22,23,23,23,23,23,23,21,20,18,15,12,12,12,
51010,Ozone,2021-09-13,9,7,6,5,5,4,3,5,7,12,18,22,23,25,26,27,26,24,19,15,11,11,8,7,
51010,Ozone,2021-09-14,8,5,3,2,2,1,1,6,10,13,15,19,20,22,24,25,26,29,33,33,25,22,14,19,
51010,Ozone,2021-09-15,28,27,23,21,25,23,20,20,23,23,25,27,29,30,30,31,30,24,15,11,10,6,5,5,
51010,Ozone,2021-09-16,3,2,2,2,1,1,2,6,6,11,16,21,33,35,37,36,35,33,28,24,20,19,15,17,
51010,Ozone,2021-09-17,13,16,9,6,9,10,12,13,16,21,23,28,36,37,38,40,44,44,40,36,38,29,21,21,
51010,Ozone,2021-09-18,20,33,39,33,31,28,25,23,22,22,22,23,22,22,22,22,22,21,17,15,14,13,10,8,
51010,Ozone,2021-09-19,6,6,5,5,5,4,2,3,6,12,17,19,20,20,21,22,22,21,17,14,13,11,9,7,
51010,Ozone,2021-09-20,6,5,5,7,6,5,4,-999,-999,-999,-999,-999,-999,-999,-999,-999,-999,27,25,24,25,26,24,24,
51010,Ozone,2021-09-21,24,22,22,22,22,23,24,26,30,33,32,31,32,30,27,30,31,32,31,31,31,31,32,35,
51010,Ozone,2021-09-22,25,21,19,18,14,17,20,20,20,19,21,23,22,20,20,20,19,20,22,22,24,27,29,29,
51010,Ozone,2021-09-23,28,28,28,28,28,27,25,23,20,18,16,14,12,10,20,26,26,27,27,29,25,19,14,12,
51010,Ozone,2021-09-24,11,13,11,11,14,13,15,19,19,19,18,22,24,24,22,21,20,19,16,12,11,14,8,8,
51010,Ozone,2021-09-25,7,8,8,9,11,12,12,12,13,16,21,29,33,34,35,34,35,35,37,33,30,25,23,18,
51010,Ozone,2021-09-26,14,12,9,7,8,8,8,8,16,22,25,26,25,21,22,23,26,24,21,11,11,9,9,6,
51010,Ozone,2021-09-27,5,8,8,8,4,5,5,7,7,9,13,20,22,26,27,27,24,23,19,20,19,18,16,15,
51010,Ozone,2021-09-28,10,8,7,8,9,9,9,11,15,20,24,23,27,29,30,29,28,26,21,17,14,11,11,8,
51010,Ozone,2021-09-29,8,5,4,4,5,7,7,9,11,15,17,19,22,21,21,20,20,19,19,18,17,15,15,16,
51010,Ozone,2021-09-30,15,13,13,13,11,7,8,11,13,15,17,17,18,19,18,18,18,18,15,11,8,6,5,6,
51010,Ozone,2021-10-01,4,5,5,5,4,4,5,5,6,10,18,23,23,22,21,22,18,15,13,10,7,8,10,10,
51010,Ozone,2021-10-02,10,9,8,7,5,3,3,3,5,6,8,11,21,26,31,26,13,11,9,8,8,7,7,5,
51010,Ozone,2021-10-03,6,8,10,11,11,12,12,12,12,11,12,14,14,13,14,14,13,12,12,11,9,9,7,5,
51010,Ozone,2021-10-04,4,2,5,6,9,11,11,9,11,13,14,15,18,18,19,19,17,10,4,4,3,5,4,2,
51010,Ozone,2021-10-05,2,1,1,3,3,3,1,3,5,10,18,23,24,26,22,25,25,16,8,5,4,2,1,1,
51010,Ozone,2021-10-06,1,1,2,3,2,2,2,2,3,4,7,9,16,23,26,27,26,21,20,8,8,6,2,2,
51010,Ozone,2021-10-07,2,1,1,1,1,1,3,4,5,7,12,18,29,30,30,30,30,22,12,9,5,4,3,2,
51010,Ozone,2021-10-08,1,2,1,2,2,3,2,3,5,8,16,24,29,30,30,30,29,27,20,12,6,5,5,4,
51010,Ozone,2021-10-09,11,9,12,14,16,15,13,12,12,12,13,15,19,21,22,21,25,25,24,22,23,23,23,20,
51010,Ozone,2021-10-10,17,17,16,16,19,18,18,17,17,16,15,15,15,19,21,19,17,16,17,21,22,21,19,18,
51010,Ozone,2021-10-11,16,14,13,14,13,12,14,15,17,17,18,16,20,23,23,28,29,26,24,23,22,21,22,23,
51010,Ozone,2021-10-12,19,18,18,18,16,15,15,14,15,16,19,23,25,27,29,30,28,28,27,27,28,26,26,28,
51010,Ozone,2021-10-13,25,24,22,21,21,16,14,12,13,12,13,14,16,20,23,26,19,17,16,27,22,15,11,12,
51010,Ozone,2021-10-14,15,16,16,15,14,11,11,12,12,15,17,23,29,32,32,28,22,21,22,20,20,17,17,17,
51010,Ozone,2021-10-15,12,12,14,16,17,15,10,11,17,25,29,31,33,34,33,31,27,21,22,17,15,18,17,16,
51010,Ozone,2021-10-16,14,18,28,31,32,33,30,28,23,22,27,29,39,36,29,26,26,28,29,29,27,23,18,10,
51010,Ozone,2021-10-17,9,9,8,11,11,10,12,11,12,11,14,16,17,18,24,27,27,26,22,18,17,17,21,21,
51010,Ozone,2021-10-18,20,23,21,19,18,15,14,13,13,13,14,14,13,13,15,18,23,24,23,25,23,22,19,17,
51010,Ozone,2021-10-19,14,12,13,8,9,7,6,7,11,14,21,29,9999,35,36,37,39,37,36,36,34,34,26,24,
51010,Ozone,2021-10-20,24,24,23,22,25,23,14,18,22,31,35,36,36,35,34,35,35,29,25,20,16,14,14,13,
51010,Ozone,2021-10-21,14,16,17,16,18,18,16,15,17,17,16,15,13,13,11,11,9,10,13,12,13,11,9,9,
51010,Ozone,2021-10-22,15,16,17,20,20,21,23,25,24,25,25,25,24,24,24,25,23,21,17,17,17,17,12,11,
51010,Ozone,2021-10-23,12,6,4,3,5,4,4,3,10,18,19,19,20,21,21,21,20,16,14,14,14,11,8,11,
51010,Ozone,2021-10-24,7,3,3,3,2,2,1,2,7,8,10,16,20,22,23,23,21,18,18,19,14,13,12,10,
51010,Ozone,2021-10-25,12,14,10,7,10,14,14,13,15,18,22,23,24,25,24,24,23,23,23,23,20,20,21,19,
51010,Ozone,2021-10-26,17,20,19,19,20,19,18,17,16,16,16,16,16,15,15,15,15,15,15,15,15,15,14,14,
51010,Ozone,2021-10-27,14,15,16,17,17,17,17,17,20,20,21,22,23,25,27,28,28,27,20,20,18,16,16,19,
51010,Ozone,2021-10-28,17,10,11,11,12,7,8,3,10,17,24,29,30,30,32,32,30,27,24,22,20,20,19,18,
51010,Ozone,2021-10-29,20,18,16,12,7,5,5,5,13,17,19,19,23,27,29,31,31,29,28,25,21,16,15,17,
51010,Ozone,2021-10-30,13,16,21,18,21,23,24,18,25,29,28,28,32,30,29,28,27,25,19,17,15,13,12,12,
51010,Ozone,2021-10-31,11,9,9,11,11,11,10,10,10,11,13,13,13,14,17,20,21,20,14,15,20,22,20,19,
51010,Ozone,2021-11-01,21,15,17,19,23,24,20,21,22,22,22,23,24,26,27,27,26,25,24,23,22,22,21,19,
51010,Ozone,2021-11-02,17,14,12,5,5,6,3,3,10,15,18,19,20,21,22,23,22,19,16,13,13,14,11,8,
51010,Ozone,2021-11-03,9,11,10,9,11,12,12,15,19,23,27,29,31,31,32,32,30,27,25,23,16,14,11,11,
51010,Ozone,2021-11-04,13,14,10,11,6,6,6,6,10,22,27,31,32,32,31,30,30,29,26,26,25,23,24,22,
51010,Ozone,2021-11-05,17,20,19,19,17,15,13,12,18,19,24,29,29,31,31,31,30,28,28,27,26,27,27,27,
51010,Ozone,2021-11-06,26,27,25,18,16,19,21,14,21,26,31,34,35,37,38,38,38,36,34,34,25,27,28,27,
51010,Ozone,2021-11-07,27,28,26,25,25,25,21,22,24,26,22,26,30,34,34,32,28,23,20,16,17,15,13,10,
51010,Ozone,2021-11-08,5,5,10,11,8,12,12,14,13,15,15,16,21,33,40,39,37,35,30,33,40,40,40,39,
51010,Ozone,2021-11-09,37,34,29,29,27,22,23,22,21,23,26,29,29,31,32,30,27,25,25,26,21,20,16,13,
51010,Ozone,2021-11-10,14,16,15,16,14,12,13,14,15,21,25,29,32,32,33,33,33,34,33,29,28,24,22,24,
51010,Ozone,2021-11-11,23,21,20,18,16,14,13,14,14,23,26,27,28,28,30,31,31,30,28,26,25,24,24,23,
51010,Ozone,2021-11-12,24,24,24,25,24,24,24,23,20,18,21,28,30,32,33,33,32,29,28,26,28,26,22,23,
51010,Ozone,2021-11-13,26,26,26,26,24,22,21,19,20,21,22,21,21,21,20,19,19,19,19,17,16,11,14,17,
51010,Ozone,2021-11-14,21,21,22,21,20,18,18,17,19,19,22,25,26,27,27,26,24,21,20,18,18,18,16,15,
51010,Ozone,2021-11-15,15,16,15,14,15,21,19,18,17,22,23,26,25,23,22,21,20,19,18,17,16,19,22,26,
51010,Ozone,2021-11-16,28,26,27,26,24,25,30,31,30,29,30,29,29,30,31,32,32,32,31,32,32,30,26,20,
51010,Ozone,2021-11-17,18,11,11,17,22,22,24,25,24,25,27,27,27,26,25,24,23,22,20,18,17,16,15,14,
51010,Ozone,2021-11-18,11,10,10,9,7,7,6,6,6,6,5,13,21,23,23,30,29,27,26,24,22,21,21,19,
51010,Ozone,2021-11-19,19,20,20,21,22,23,25,28,30,30,30,30,30,31,32,32,31,30,28,27,25,23,20,17,
51010,Ozone,2021-11-20,14,13,12,17,16,18,18,17,17,18,22,28,30,30,29,28,26,24,22,21,21,19,18,17,
51010,Ozone,2021-11-21,18,16,16,15,14,12,11,12,13,11,15,17,20,20,21,24,24,22,20,21,22,24,23,24,
51010,Ozone,2021-11-22,26,26,27,28,34,34,33,34,34,34,34,34,33,32,33,33,34,33,31,30,30,29,29,30,
51010,Ozone,2021-11-23,31,31,30,30,29,28,28,28,30,31,31,32,32,32,32,31,30,27,20,18,13,11,11,9,
51010,Ozone,2021-11-24,11,9,14,15,15,14,14,14,15,18,20,23,27,31,30,30,30,27,26,25,25,25,24,24,
51010,Ozone,2021-11-25,22,21,19,18,18,16,16,15,15,14,14,14,13,11,11,10,9,9,8,8,8,7,5,5,
51010,Ozone,2021-11-26,3,3,4,6,10,9,9,19,23,26,27,28,28,28,29,29,29,29,30,31,31,31,30,30,
51010,Ozone,2021-11-27,30,30,30,30,30,30,30,29,30,30,30,31,31,31,32,32,32,31,30,29,28,28,28,28,
51010,Ozone,2021-11-28,28,28,28,28,27,28,28,27,27,27,27,28,28,28,28,27,22,18,16,15,16,13,17,18,
51010,Ozone,2021-11-29,18,18,17,14,12,11,14,12,14,17,20,25,26,28,31,31,29,28,28,25,25,24,19,18,
51010,Ozone,2021-11-30,13,16,13,12,13,10,9,9,9,12,16,19,20,22,21,20,18,17,16,17,19,20,20,19,
51010,Ozone,2021-12-01,16,19,22,26,28,32,33,30,28,29,32,32,33,33,33,32,30,29,28,27,27,27,26,26,
51010,Ozone,2021-12-02,25,26,26,25,24,24,22,21,19,18,22,23,25,26,25,20,19,20,26,28,32,33,35,36,
51010,Ozone,2021-12-03,36,37,38,39,40,40,37,36,35,37,37,37,37,38,38,38,36,32,33,31,30,29,27,23,
51010,Ozone,2021-12-04,22,19,18,20,24,27,27,28,26,26,26,26,25,25,25,24,20,20,21,27,27,27,25,25,
51010,Ozone,2021-12-05,24,21,21,18,19,13,14,12,13,13,20,24,26,26,26,25,26,26,27,26,25,26,27,28,
51010,Ozone,2021-12-06,28,28,27,27,26,26,25,24,22,22,21,19,14,12,17,22,26,26,27,26,27,26,28,29,
51010,Ozone,2021-12-07,30,31,31,30,31,32,30,30,31,32,33,33,33,34,35,36,35,32,30,25,22,20,27,31,
51010,Ozone,2021-12-08,31,32,31,33,34,33,33,33,33,35,35,34,34,33,32,30,28,25,25,24,23,22,21,19,
51010,Ozone,2021-12-09,20,27,31,31,29,28,26,26,25,27,28,28,29,30,31,33,29,29,28,27,25,27,28,28,
51010,Ozone,2021-12-10,27,27,27,27,28,27,26,25,24,24,24,24,24,23,22,22,20,19,18,18,15,17,15,15,
51010,Ozone,2021-12-11,16,16,17,17,18,18,19,19,19,19,18,18,18,17,16,16,17,28,23,21,20,-999,-999,-999,
51010,Ozone,2021-12-11,-999,-999,-999,-999,-999,-999,-999,-999,-999,-999,-999,-999,-999,-999,-999,-999,36,36,36,35,33,33,33,33,
51010,Ozone,2021-12-13,33,32,31,30,28,30,29,28,26,26,30,32,33,34,35,35,34,33,33,32,32,31,32,33,
51010,Ozone,2021-12-14,32,30,28,29,29,33,35,33,29,32,33,34,34,34,34,33,31,28,27,28,26,22,25,25,
51010,Ozone,2021-12-15,24,22,23,25,26,26,26,26,26,27,28,27,25,23,22,21,21,20,19,18,17,17,16,15,
51010,Ozone,2021-12-16,15,14,15,15,16,17,16,16,16,18,20,21,35,36,34,34,31,28,33,37,36,9999,28,28,
51010,Ozone,2021-12-17,27,26,27,27,29,30,31,31,32,31,31,31,31,32,34,32,31,30,30,30,30,32,32,31,
51010,Ozone,2021-12-18,30,32,32,33,34,34,35,36,36,36,36,35,35,35,35,34,33,33,33,33,32,32,32,31,
51010,Ozone,2021-12-19,31,31,31,30,31,33,33,33,33,32,33,33,34,37,37,36,35,35,32,30,29,23,21,19,
51010,Ozone,2021-12-20,20,25,21,26,30,29,29,28,28,27,27,27,27,27,25,23,23,21,23,26,26,26,24,24,
51010,Ozone,2021-12-21,28,30,32,34,37,37,36,34,33,33,34,34,34,35,35,36,35,34,34,34,33,33,33,33,
51010,Ozone,2021-12-22,33,32,29,27,27,27,23,22,18,20,29,29,29,30,29,30,30,30,31,31,30,31,32,32,
51010,Ozone,2021-12-23,33,33,34,32,34,33,33,33,33,33,33,32,32,32,33,32,31,29,30,31,29,29,29,29,
51010,Ozone,2021-12-24,29,29,29,27,24,23,22,19,18,23,28,32,32,32,32,33,32,31,31,29,29,30,28,26,
51010,Ozone,2021-12-25,25,28,30,31,29,28,27,27,28,29,28,28,29,28,28,28,26,24,24,24,23,21,20,19,
51010,Ozone,2021-12-26,17,15,14,13,16,18,19,21,24,26,26,25,25,24,25,25,25,24,24,24,23,23,24,22,
51010,Ozone,2021-12-27,22,22,23,24,23,24,22,22,22,23,24,24,24,24,25,25,25,25,25,25,25,25,25,25,
51010,Ozone,2021-12-28,25,25,24,23,22,21,21,19,19,19,18,19,20,22,25,25,25,24,24,22,24,25,25,25,
51010,Ozone,2021-12-29,24,23,23,22,22,22,22,21,21,22,23,23,24,24,24,24,24,24,24,23,23,22,21,20,
51010,Ozone,2021-12-30,19,19,19,18,16,15,13,9,9,11,15,17,21,24,25,24,21,18,18,17,15,14,13,15,
51010,Ozone,2021-12-31,15,15,17,17,16,15,15,13,13,13,15,17,16,17,17,17,17,16,15,15,13,13,12,11,
51010,Ozone,2022-01-01,10,9,9,9,8,8,6,7,7,8,12,25,27,29,31,35,35,34,33,32,32,34,34,35,
51010,Ozone,2022-01-02,35,35,35,34,35,35,35,34,34,34,34,34,35,35,36,35,35,35,34,33,32,31,31,31,
51010,Ozone,2022-01-03,30,30,28,24,25,23,21,21,22,26,28,31,33,34,35,36,34,33,31,31,32,30,31,31,
51010,Ozone,2022-01-04,31,31,31,31,30,29,28,28,26,27,25,28,30,31,31,29,28,27,27,27,28,29,30,29,
51010,Ozone,2022-01-05,29,28,27,26,26,26,27,26,26,26,27,27,28,29,29,28,27,26,24,21,19,17,17,19,
51010,Ozone,2022-01-06,23,22,22,24,27,31,33,34,34,34,34,34,34,34,35,35,35,34,34,34,33,30,29,26,
51010,Ozone,2022-01-07,30,30,29,29,29,29,28,29,29,30,32,34,34,35,35,35,35,35,35,34,33,31,31,31,
51010,Ozone,2022-01-08,31,31,31,30,29,28,27,26,27,27,27,31,32,33,33,33,33,33,33,34,33,34,33,33,
51010,Ozone,2022-01-09,32,33,32,31,30,29,30,29,29,28,28,27,25,28,32,34,37,38,37,39,38,37,37,36,
51010,Ozone,2022-01-10,36,35,34,32,32,34,34,35,35,36,36,36,37,37,36,36,36,34,33,32,31,31,31,30,
51010,Ozone,2022-01-11,30,31,30,30,29,28,26,25,27,27,30,31,32,32,31,31,31,30,30,29,30,31,31,30,
51010,Ozone,2022-01-12,30,29,29,28,29,29,29,28,28,26,26,27,27,28,28,27,28,29,29,29,29,28,28,29,
51010,Ozone,2022-01-13,29,30,30,30,29,28,28,28,27,27,27,27,27,26,25,25,24,23,21,19,18,18,31,37,
51010,Ozone,2022-01-14,34,34,34,33,33,33,33,33,32,31,31,31,31,32,32,31,32,30,30,29,29,29,28,29,
51010,Ozone,2022-01-15,28,28,28,28,28,28,27,27,27,28,28,28,28,29,30,30,30,30,29,28,25,28,25,23,
51010,Ozone,2022-01-16,23,22,19,19,18,17,16,18,21,23,26,28,30,31,32,33,32,30,30,30,30,29,30,30,
51010,Ozone,2022-01-17,29,29,29,29,29,29,30,31,32,31,32,33,36,37,36,36,37,38,37,38,36,34,34,35,
51010,Ozone,2022-01-18,35,35,37,37,38,36,35,35,34,33,33,33,33,33,33,34,33,33,32,30,29,28,28,30,
51010,Ozone,2022-01-19,32,32,33,32,29,29,32,32,32,31,30,30,30,29,30,29,29,31,31,31,32,30,29,29,
51010,Ozone,2022-01-20,29,29,29,29,29,30,30,30,30,30,31,32,33,35,35,36,36,35,35,35,34,33,32,32,
51010,Ozone,2022-01-21,30,29,30,27,26,24,24,26,25,26,28,29,29,31,32,33,34,32,30,31,31,31,30,30,
51010,Ozone,2022-01-22,30,30,30,30,29,29,29,30,28,28,29,31,31,31,31,31,31,32,32,30,29,30,29,29,
51010,Ozone,2022-01-23,27,26,31,33,33,34,34,34,34,35,37,38,39,39,39,40,40,39,39,36,35,35,35,33,
51010,Ozone,2022-01-24,36,32,30,29,28,24,27,30,32,34,34,35,35,36,36,37,36,34,31,30,29,28,28,29,
51010,Ozone,2022-01-25,29,29,29,29,27,26,24,24,28,30,31,31,32,33,34,36,38,38,37,37,36,35,34,33,
51010,Ozone,2022-01-26,32,31,29,31,30,29,27,27,28,29,30,32,32,32,33,33,33,31,31,30,30,32,33,31,
51010,Ozone,2022-01-27,32,32,32,33,32,31,31,31,31,31,32,38,39,38,36,35,34,33,33,33,32,32,38,38,
51010,Ozone,2022-01-28,37,36,36,36,36,36,36,35,35,35,35,35,36,37,37,37,37,37,36,36,35,33,32,30,
51010,Ozone,2022-01-29,28,27,28,29,27,31,31,29,29,31,31,33,35,37,40,41,41,40,38,37,37,37,37,35,
51010,Ozone,2022-01-30,32,31,29,31,28,27,26,27,29,31,31,33,38,40,41,42,42,42,42,40,38,37,38,34,
51010,Ozone,2022-01-31,31,30,32,30,19,21,16,21,16,29,33,35,36,36,37,38,38,36,36,36,36,33,30,28,
51010,Ozone,2022-02-01,28,29,30,30,33,33,33,30,28,29,31,33,35,37,39,41,41,42,43,43,42,40,38,38,
51010,Ozone,2022-02-02,37,40,42,41,40,39,38,37,38,35,31,29,29,28,27,28,30,36,37,35,37,36,34,32,
51010,Ozone,2022-02-03,30,30,30,30,30,30,29,29,28,30,32,33,33,34,35,35,34,34,34,34,34,33,33,33,
51010,Ozone,2022-02-04,33,32,32,32,31,31,31,30,28,31,31,31,32,32,33,33,33,31,31,31,31,31,32,33,
51010,Ozone,2022-02-05,33,32,32,32,32,32,32,32,32,33,33,34,35,36,36,36,36,36,34,34,30,26,28,27,
51010,Ozone,2022-02-06,30,31,31,32,32,32,32,33,34,34,35,35,35,36,37,37,36,36,35,35,35,35,34,34,
51010,Ozone,2022-02-07,33,32,31,30,31,31,31,30,29,30,32,34,35,36,37,37,37,37,37,38,39,39,39,38,
51010,Ozone,2022-02-08,36,34,32,29,25,22,22,22,22,23,22,23,25,25,27,30,33,35,36,35,33,33,32,27,
51010,Ozone,2022-02-09,30,25,22,25,26,28,29,30,30,30,31,33,35,37,37,37,38,37,36,35,34,32,33,33,
51010,Ozone,2022-02-10,33,31,30,29,23,20,28,30,30,32,34,33,32,31,30,30,29,31,32,30,29,31,30,33,
51010,Ozone,2022-02-11,32,31,28,28,30,33,34,34,33,33,34,36,39,39,39,38,37,36,34,33,32,29,28,24,
51010,Ozone,2022-02-12,23,21,16,25,27,31,32,33,34,35,35,35,36,37,37,36,34,34,33,32,31,30,30,28,
51010,Ozone,2022-02-13,27,26,26,24,24,23,23,25,25,27,28,30,32,33,33,34,35,35,34,33,32,33,33,33,
51010,Ozone,2022-02-14,33,33,33,31,31,31,28,30,30,31,32,33,35,36,37,37,37,37,37,37,36,36,35,34,
51010,Ozone,2022-02-15,32,32,29,25,24,25,26,29,30,33,36,39,40,41,41,42,42,41,40,39,38,38,37,38,
51010,Ozone,2022-02-16,38,39,39,39,38,37,36,36,36,38,38,39,39,42,48,50,52,53,54,53,52,50,47,44,
51010,Ozone,2022-02-17,38,34,31,28,31,30,28,28,31,34,30,28,29,31,33,35,38,39,39,39,39,39,39,39,
51010,Ozone,2022-02-18,39,39,38,38,38,37,36,36,35,35,36,36,36,36,36,36,35,34,33,33,31,32,33,35,
51010,Ozone,2022-02-19,35,36,36,36,36,36,35,34,34,35,36,35,34,34,35,35,37,39,40,39,39,39,38,38,
51010,Ozone,2022-02-20,32,30,33,34,35,35,36,37,37,39,40,40,39,40,42,44,45,45,45,44,43,46,45,41,
51010,Ozone,2022-02-21,40,39,39,37,36,37,39,40,39,39,39,39,39,40,39,40,39,38,38,38,39,39,38,38,
51010,Ozone,2022-02-22,37,37,37,37,37,37,37,37,37,37,37,37,37,37,36,36,35,34,33,31,30,29,29,29,
51010,Ozone,2022-02-23,30,31,31,31,31,31,31,32,33,34,34,32,31,30,29,33,36,38,39,38,38,38,38,38,
51010,Ozone,2022-02-24,37,37,37,37,36,33,31,32,34,37,37,38,39,40,41,42,42,41,41,39,35,36,36,34,
51010,Ozone,2022-02-25,34,35,36,38,41,41,41,40,40,40,40,40,40,41,42,42,43,43,43,42,41,40,38,36,
51010,Ozone,2022-02-26,36,37,32,33,31,29,27,26,26,30,35,37,40,44,43,43,43,44,44,45,46,46,46,47,
51010,Ozone,2022-02-27,47,47,46,45,44,43,42,41,42,44,45,44,44,45,44,44,43,43,43,42,42,40,39,37,
51010,Ozone,2022-02-28,35,33,31,30,27,24,22,20,19,11,15,23,27,30,30,33,

From,January 1, 2020 EST
To,December 31, 2024 EST



Air Quality Ontario. Maintained by the Government of Ontario
Copyright King's Printer for Ontario 2026
